,candidate_name,candidate_id,election,office,district,year
0,"GAINES, EDWARD T",1265444,2016 GENERAL,S,1,2016
1,"ROWEN, ROBERT J.",1383735,2016 GENERAL,S,1,2016
2,"DODD, BILL",1359048,2016 GENERAL,S,3,2016
3,"YAMADA, MARIKO M.",1295701,2016 GENERAL,S,3,2016
4,"GALGIANI, CATHLEEN",1273495,2016 GENERAL,S,5,2016
5,"NAKANISHI, ALAN S.",1005260,2016 GENERAL,S,5,2016
6,"GLAZER, STEVEN",1355210,2016 GENERAL,S,7,2016
7,"RUBAY, JOSEPH A.",1299399,2016 GENERAL,S,7,2016
8,"SKINNER, NANCY",1303644,2016 GENERAL,S,9,2016
9,"SWANSON, SANDRE",1268691,2016 GENERAL,S,9,2016
10,"KIM, JANE",1380847,2016 GENERAL,S,11,2016
11,"WIENER, SCOTT D.",1376435,2016 GENERAL,S,11,2016
12,"CIARDELLA, RICHARD",1383605,2016 GENERAL,S,13,2016
13,"HILL, JERRY A.",1290757,2016 GENERAL,S,13,2016
14,"BEALL, JIM",1251768,2016 GENERAL,S,15,2016
15,"CAMPOS, NORA",1318599,2016 GENERAL,S,15,2016
16,"KAIN, PALMER",1363609,2016 GENERAL,S,17,2016
17,"MONNING, WILLIAM W.",1297947,2016 GENERAL,S,17,2016
18,"JACKSON, HANNAH-BETH",1005197,2016 GENERAL,S,19,2016
19,"WALCH, COLIN",1383292,2016 GENERAL,S,19,2016
20,"ERVIN, JOHNATHON",1375590,2016 GENERAL,S,21,2016
21,"WILK, SCOTT T.",1339656,2016 GENERAL,S,21,2016
22,"MORRELL, MICHAEL L.",1252076,2016 GENERAL,S,23,2016
23,"O'DONNELL, RONALD J.",1363147,2016 GENERAL,S,23,2016
24,"ANTONOVICH, MICHAEL D.",1000095,2016 GENERAL,S,25,2016
25,"PORTANTINO, ANTHONY",1267043,2016 GENERAL,S,25,2016
26,"FAZIO, STEVE",1379424,2016 GENERAL,S,27,2016
27,"STERN, HENRY",1374151,2016 GENERAL,S,27,2016
28,"CHANG, LING-LING",1357038,2016 GENERAL,S,29,2016
29,"NEWMAN, JOSH B.",1377780,2016 GENERAL,S,29,2016
30,"REED, RICHARD",1383678,2016 GENERAL,S,31,2016
31,"ROTH, RICHARD D.",1343716,2016 GENERAL,S,31,2016
32,"LARA, RICARDO",1304215,2016 GENERAL,S,33,2016
33,"ROBSON, HONOR MIMI",1386195,2016 GENERAL,S,33,2016
34,"BRADFORD, STEVEN",1235136,2016 GENERAL,S,35,2016
35,"FURUTANI, WARREN",1265441,2016 GENERAL,S,35,2016
36,"GRAYSON, ARI E.",1383650,2016 GENERAL,S,37,2016
37,"MOORLACH, JOHN",1241305,2016 GENERAL,S,37,2016
38,"ATKINS, TONI G.",1314678,2016 GENERAL,S,39,2016
39,"RENISON, JOHN",1383698,2016 GENERAL,S,39,2016
40,"DAHLE, BRIAN",1224716,2016 GENERAL,A,1,2016
41,"COENEN, DONN",1385525,2016 GENERAL,A,1,2016
42,"WOOD, JAMES D.",1353393,2016 GENERAL,A,2,2016
43,"ANTON, KENNETH R.",1260422,2016 GENERAL,A,2,2016
44,"GALLAGHER, JAMES",1357069,2016 GENERAL,A,3,2016
45,"RITCHIE, EDWARD H",1383126,2016 GENERAL,A,3,2016
46,"AGUIAR-CURRY, CECILIA",1379566,2016 GENERAL,A,4,2016
47,"SCHAUPP, CHARLES E.",1301596,2016 GENERAL,A,4,2016
48,"BIGELOW, FRANK",1342402,2016 GENERAL,A,5,2016
49,"CARABAS, ROBERT J",1381784,2016 GENERAL,A,5,2016
50,"CAPLES, BRIAN",1363003,2016 GENERAL,A,6,2016
51,"KILEY, KEVIN",1377646,2016 GENERAL,A,6,2016
52,"BROWN, RYAN K.",1383289,2016 GENERAL,A,7,2016
53,"MC CARTY, KEVIN",1314046,2016 GENERAL,A,7,2016
54,"BLOISE, NICK E.",1383732,2016 GENERAL,A,8,2016
55,"COOLEY, KEN",1240640,2016 GENERAL,A,8,2016
56,"COOPER, JIM",1354349,2016 GENERAL,A,9,2016
57,"GORSULOWSKY, TIMOTHY S.",1364380,2016 GENERAL,A,9,2016
58,"JACOBI, VERONICA S.",1363625,2016 GENERAL,A,10,2016
59,"LEVINE, MARC",1338897,2016 GENERAL,A,10,2016
60,"FRAZIER JR., JAMES L.",1341572,2016 GENERAL,A,11,2016
61,"MILLER, DAVID J.",1378817,2016 GENERAL,A,11,2016
62,"FLORA, HEATH",1376113,2016 GENERAL,A,12,2016
63,"VOGEL, KEN",1359744,2016 GENERAL,A,12,2016
64,"EGGMAN, SUSAN",1337454,2016 GENERAL,A,13,2016
65,"LINCOLN, KEVIN",1383977,2016 GENERAL,A,13,2016
66,"GRAYSON, TIM",1376434,2016 GENERAL,A,14,2016
67,"TORLAKSON, MAE",1382779,2016 GENERAL,A,14,2016
68,"CHIARA, CLAIRE",1382452,2016 GENERAL,A,15,2016
69,"THURMOND, TONY",1295704,2016 GENERAL,A,15,2016
70,"BAKER, CATHARINE",1358730,2016 GENERAL,A,16,2016
71,"COOK-KALLIO, CHERYL",1381102,2016 GENERAL,A,16,2016
72,"CHIU, DAVID",1360423,2016 GENERAL,A,17,2016
73,"DEL CARLO, MATTHEW S.",1346011,2016 GENERAL,A,17,2016
74,"BONTA, ROB",1339733,2016 GENERAL,A,18,2016
75,"SLONSKY-BREAULT, ROSEANN",1382453,2016 GENERAL,A,18,2016
76,"TAYLOR, CARLOS",1383127,2016 GENERAL,A,19,2016
77,"TING, PHIL",1343138,2016 GENERAL,A,19,2016
78,"QUIRK, BILL (WILLIAM J.)",1336944,2016 GENERAL,A,20,2016
79,"WONG, LUIS A.",1383284,2016 GENERAL,A,20,2016
80,"GRAY, ADAM C.",1315410,2016 GENERAL,A,21,2016
81,"OPINSKI, GREGORY J.",1383342,2016 GENERAL,A,21,2016
82,"MULLIN, KEVIN",1342937,2016 GENERAL,A,22,2016
83,"KIESEL, ART",1382152,2016 GENERAL,A,22,2016
84,"MORRIS, GWEN L",1381100,2016 GENERAL,A,23,2016
85,"PATTERSON, JIM",1346007,2016 GENERAL,A,23,2016
86,"BERMAN, MARC",1317907,2016 GENERAL,A,24,2016
87,"VEENKER, VICKI",1380629,2016 GENERAL,A,24,2016
88,"BRUNTON, BOB",1363959,2016 GENERAL,A,25,2016
89,"CHU, KANSEN",1356482,2016 GENERAL,A,25,2016
90,"MACARENO, RUBEN",1362534,2016 GENERAL,A,26,2016
91,"MATHIS, DEVON J.",1365277,2016 GENERAL,A,26,2016
92,"KALRA, ASH",1372978,2016 GENERAL,A,27,2016
93,"NGUYEN, MADISON",1376419,2016 GENERAL,A,27,2016
94,"LOW, EVAN",1335519,2016 GENERAL,A,28,2016
95,"SCLAVOS, NICHOLAS C",1383003,2016 GENERAL,A,28,2016
96,"ROBERTS, SIERRA",1383589,2016 GENERAL,A,29,2016
97,"STONE, MARK",1340922,2016 GENERAL,A,29,2016
98,"CABALLERO, ANNA",1282323,2016 GENERAL,A,30,2016
99,"CERVANTEZ ALEJO, KARINA",1375810,2016 GENERAL,A,30,2016
100,"ARAMBULA, JOAQUIN",1377114,2016 GENERAL,A,31,2016
101,"OLIVIER, CLINT",1377649,2016 GENERAL,A,31,2016
102,"RAMIREZ, MANUEL A.",1386656,2016 GENERAL,A,32,2016
103,"SALAS JR., RUDY",1340989,2016 GENERAL,A,32,2016
104,"MARKOVICH, PETER SCOTT",1359129,2016 GENERAL,A,33,2016
105,"OBERNOLTE, JAY",1362835,2016 GENERAL,A,33,2016
106,"FONG, VINCENT",1381906,2016 GENERAL,A,34,2016
107,"SWANLUND, PERRIN A",1381787,2016 GENERAL,A,34,2016
108,"CUNNINGHAM, JORDAN",1374711,2016 GENERAL,A,35,2016
109,"LEGG, DAWN ORTIZ",1381434,2016 GENERAL,A,35,2016
110,"FOX, STEVE",1297103,2016 GENERAL,A,36,2016
111,"LACKEY, THOMAS W.",1345765,2016 GENERAL,A,36,2016
112,"LIMON, S. MONIQUE",1375717,2016 GENERAL,A,37,2016
113,"FULLER, EDWARD L.",1383807,2016 GENERAL,A,37,2016
114,"ACOSTA, DANTE",1383876,2016 GENERAL,A,38,2016
115,"SMITH, CHRISTY",1381884,2016 GENERAL,A,38,2016
116,"BOCANEGRA, RAUL",1330049,2016 GENERAL,A,39,2016
117,"LOPEZ, PATTY",1358288,2016 GENERAL,A,39,2016
118,"MEDINA, ABIGAIL M.",1377377,2016 GENERAL,A,40,2016
119,"STEINORTH, MARC",1362221,2016 GENERAL,A,40,2016
120,"HIGGINS, CASEY C.",1383283,2016 GENERAL,A,41,2016
121,"HOLDEN, CHRIS",1336467,2016 GENERAL,A,41,2016
122,"MAYES, CHAD",1351765,2016 GENERAL,A,42,2016
123,"RODRIGUEZ, GREG",1375844,2016 GENERAL,A,42,2016
124,"FRIEDMAN, LAURA",1368701,2016 GENERAL,A,43,2016
125,"KASSAKHIAN, ARDY",1366019,2016 GENERAL,A,43,2016
126,"IRWIN, JACQUI",1362509,2016 GENERAL,A,44,2016
127,"NELSON, KERRY J.",1383809,2016 GENERAL,A,44,2016
128,"DABABNEH, MATTHEW",1357054,2016 GENERAL,A,45,2016
129,"KOWAL, JERRY S.",1383380,2016 GENERAL,A,45,2016
130,"NAZARIAN, ADRIN",1323126,2016 GENERAL,A,46,2016
131,"RUPERT, ANGELA",1387323,2016 GENERAL,A,46,2016
132,"BROWN, CHERYL",1340553,2016 GENERAL,A,47,2016
133,"REYES, ELOISE GOMEZ",1381098,2016 GENERAL,A,47,2016
134,"ELLENSON, CORY H",1379875,2016 GENERAL,A,48,2016
135,"RUBIO, BLANCA",1374663,2016 GENERAL,A,48,2016
136,"AMUNDSON, PETER",1387329,2016 GENERAL,A,49,2016
137,"CHAU, EDWIN",1281706,2016 GENERAL,A,49,2016
138,"BLOOM, RICHARD",1330273,2016 GENERAL,A,50,2016
139,"CRAFFEY, MATTHEW G.",1383501,2016 GENERAL,A,50,2016
140,"GOMEZ, JIMMY",1334135,2016 GENERAL,A,51,2016
141,"EVERLING, MIKE",1387330,2016 GENERAL,A,51,2016
142,"RODRIGUEZ, FREDDIE",1354976,2016 GENERAL,A,52,2016
143,"AVILA, PAUL VINCENT",1005134,2016 GENERAL,A,52,2016
144,"MENDOZA, SANDRA Y.",1358233,2016 GENERAL,A,53,2016
145,"SANTIAGO, MIGUEL",1357853,2016 GENERAL,A,53,2016
146,"RIDLEY-THOMAS, SEBASTIAN M.",1358246,2016 GENERAL,A,54,2016
147,"RATCLIFF, GLEN",1365736,2016 GENERAL,A,54,2016
148,"CHEN, PHILLIP",1358732,2016 GENERAL,A,55,2016
149,"FRITCHLE, GREGG D.",1226413,2016 GENERAL,A,55,2016
150,"GARCIA, EDUARDO",1355371,2016 GENERAL,A,56,2016
151,"CALDERON, IAN",1336511,2016 GENERAL,A,57,2016
152,"TOPALIAN, RITA H.",1259659,2016 GENERAL,A,57,2016
153,"GARCIA, CRISTINA",1343926,2016 GENERAL,A,58,2016
154,"ALVARADO, RAMIRO",1387331,2016 GENERAL,A,58,2016
155,"JONES-SAWYER SR., REGINALD BYRON",1317870,2016 GENERAL,A,59,2016
156,"CERVANTES, SABRINA",1377791,2016 GENERAL,A,60,2016
157,"LINDER, ERIC",1345603,2016 GENERAL,A,60,2016
158,"DIAZ, HECTOR",1379407,2016 GENERAL,A,61,2016
159,"MEDINA, JOSE J.",1005789,2016 GENERAL,A,61,2016
160,"BRUNO, BARON",1385818,2016 GENERAL,A,62,2016
161,"BURKE, AUTUMN",1357823,2016 GENERAL,A,62,2016
162,"LEAL, MARCO ANTONIO ""TONY""",1387332,2016 GENERAL,A,62,2016
163,"MILLER, ADAM J.",1365738,2016 GENERAL,A,63,2016
164,"RENDON, ANTHONY",1335212,2016 GENERAL,A,63,2016
165,"GIPSON, MIKE",1299805,2016 GENERAL,A,64,2016
166,"SANFORD, THERESA",1360807,2016 GENERAL,A,64,2016
167,"KIM, YOUNG O.",1358869,2016 GENERAL,A,65,2016
168,"QUIRK-SILVA, SHARON",1345707,2016 GENERAL,A,65,2016
169,"HADLEY, DAVID F.",1359993,2016 GENERAL,A,66,2016
170,"MURATSUCHI, AL",1315952,2016 GENERAL,A,66,2016
171,"LOPEZ, JORGE R.",1383804,2016 GENERAL,A,67,2016
172,"MELENDEZ, MELISSA",1340675,2016 GENERAL,A,67,2016
173,"CHOI, STEVEN",1296275,2016 GENERAL,A,68,2016
174,"PANAHI, SEAN JAY",1383651,2016 GENERAL,A,68,2016
175,"DALY, TOM",1341148,2016 GENERAL,A,69,2016
176,"VELARDE-GARCIA, OFELIA",1384552,2016 GENERAL,A,69,2016
177,"FLORES-GIBSON, MARTHA",1325824,2016 GENERAL,A,70,2016
178,"O'DONNELL, PATRICK",1296270,2016 GENERAL,A,70,2016
179,"HAMEL, LEO",1383964,2016 GENERAL,A,71,2016
180,"VOEPEL, RANDY G.",1226426,2016 GENERAL,A,71,2016
181,"ALBERT-SHERIDAN, LENORE L.",1378300,2016 GENERAL,A,72,2016
182,"ALLEN, TRAVIS",1345834,2016 GENERAL,A,72,2016
183,"BROUGH, BILL",1356165,2016 GENERAL,A,73,2016
184,"ISLAM, MESBAH",1385572,2016 GENERAL,A,73,2016
185,"HARPER, MATTHEW",1341264,2016 GENERAL,A,74,2016
186,"ONOFRE, KARINA",1362589,2016 GENERAL,A,74,2016
187,"MASIEL, ANDREW",1383430,2016 GENERAL,A,75,2016
188,"WALDRON, MARIE",1273672,2016 GENERAL,A,75,2016
189,"CHAVEZ, ROCKY",1339551,2016 GENERAL,A,76,2016
190,"KROUSE, THOMAS",1367077,2016 GENERAL,A,76,2016
191,"MAIENSCHEIN, BRIAN",1339637,2016 GENERAL,A,77,2016
192,"VASQUEZ, MELINDA K",1383128,2016 GENERAL,A,77,2016
193,"GLORIA, TODD",1376637,2016 GENERAL,A,78,2016
194,"MELTON, KEVIN D",1358738,2016 GENERAL,A,78,2016
195,"WEBER, SHIRLEY N.",1342820,2016 GENERAL,A,79,2016
196,"MOORE, JOHN S.",1383606,2016 GENERAL,A,79,2016
197,"GONZALEZ, LORENA S.",1353845,2016 GENERAL,A,80,2016
198,"PICKARD, LINCOLN M.",1256940,2016 GENERAL,A,80,2016
223,"MC GUIRE, MIKE",1361301,2014 GENERAL,S,2,2014
224,"WIESNER, LAWRENCE R.",1282695,2014 GENERAL,S,2,2014
225,"JAWAHAR, C J",1363000,2014 GENERAL,S,4,2014
226,"NIELSEN, JIM",1299401,2014 GENERAL,S,4,2014
227,"DICKINSON, ROGER",1251341,2014 GENERAL,S,6,2014
228,"PAN, RICHARD",1319205,2014 GENERAL,S,6,2014
229,"BERRYHILL, TOM",1294245,2014 GENERAL,S,8,2014
230,"MIRANDA, PAULINA M.",1356609,2014 GENERAL,S,8,2014
231,"KUO, PETER",1361920,2014 GENERAL,S,10,2014
232,"WIECKOWSKI, ROBERT",1315744,2014 GENERAL,S,10,2014
233,"BAGLEY, SHAWN",1364597,2014 GENERAL,S,12,2014
234,"CANNELLA, ANTHONY JOSEPH",1318121,2014 GENERAL,S,12,2014
235,"CHAVEZ, LUIS",1362454,2014 GENERAL,S,14,2014
236,"VIDAK, JAMES ANDREW",1356182,2014 GENERAL,S,14,2014
237,"FULLER, JEAN",1284988,2014 GENERAL,S,16,2014
238,"MUSSER-LOPEZ, RUTH",1366955,2014 GENERAL,S,16,2014
239,"HERTZBERG, ROBERT",1004251,2014 GENERAL,S,18,2014
240,"BENITEZ, RICARDO",1340990,2014 GENERAL,S,18,2014
241,"LEYVA, CONNIE M.",1364478,2014 GENERAL,S,20,2014
242,"MUNSON, MATTHEW G.",1239584,2014 GENERAL,S,20,2014
243,"HERNANDEZ, EDWARD P.",1266775,2014 GENERAL,S,22,2014
244,"RODRIGUEZ, MARC",1366181,2014 GENERAL,S,22,2014
245,"CHOI, PETER",1364100,2014 GENERAL,S,24,2014
246,"DE LEON, KEVIN",1263266,2014 GENERAL,S,24,2014
247,"ALLEN, BEN",1363828,2014 GENERAL,S,26,2014
248,"FLUKE, SANDRA",1363477,2014 GENERAL,S,26,2014
249,"GARCIA, BONNIE",1240067,2014 GENERAL,S,28,2014
250,"STONE, JEFFREY E.",1238568,2014 GENERAL,S,28,2014
251,"MITCHELL, HOLLY J.",1307762,2014 GENERAL,S,30,2014
252,"ARMENTA, ISIDRO",1361488,2014 GENERAL,S,30,2014
253,"GUERRA, MARIO A.",1358733,2014 GENERAL,S,32,2014
254,"MENDOZA, TONY",1238223,2014 GENERAL,S,32,2014
255,"NGUYEN, JANET",1282277,2014 GENERAL,S,34,2014
256,"SOLORIO, JOSE",1279123,2014 GENERAL,S,34,2014
257,"BATES, PATRICIA C. ""PAT""",1003846,2014 GENERAL,S,36,2014
258,"KEPHART, GARY R.",1325625,2014 GENERAL,S,36,2014
259,"ANDERSON, JOEL C.",1004048,2014 GENERAL,S,38,2014
260,"TSIMBOUKAKIS, FOTIOS/FRANK",1358744,2014 GENERAL,S,38,2014
261,"ESTRADA, RAFAEL",1354713,2014 GENERAL,S,40,2014
262,"HUESO, BEN",1315742,2014 GENERAL,S,40,2014
263,"DAHLE, BRIAN",1224716,2014 GENERAL,A,1,2014
264,"SMITH, BRIGHAM SAWYER",1365709,2014 GENERAL,A,1,2014
265,"WOOD, JAMES D.",1353393,2014 GENERAL,A,2,2014
266,"HEATH, MATT",1363081,2014 GENERAL,A,2,2014
267,"GALLAGHER, JAMES",1357069,2014 GENERAL,A,3,2014
268,"REED, JIM",1358058,2014 GENERAL,A,3,2014
269,"DODD, BILL",1359048,2014 GENERAL,A,4,2014
270,"SCHAUPP, CHARLES E.",1301596,2014 GENERAL,A,4,2014
271,"BIGELOW, FRANK",1342402,2014 GENERAL,A,5,2014
272,"HOGAN, PATRICK D.",1366958,2014 GENERAL,A,5,2014
273,"GAINES, BETH B.",1335196,2014 GENERAL,A,6,2014
274,"CAPLES, BRIAN",1363003,2014 GENERAL,A,6,2014
275,"COHN, STEVE",1358962,2014 GENERAL,A,7,2014
276,"MC CARTY, KEVIN",1314046,2014 GENERAL,A,7,2014
277,"COOLEY, KEN",1240640,2014 GENERAL,A,8,2014
278,"HAALAND, DOUGLAS",1340717,2014 GENERAL,A,8,2014
279,"COOPER, JIM",1354349,2014 GENERAL,A,9,2014
280,"FONG, DARRELL",1358768,2014 GENERAL,A,9,2014
281,"ALLEN, GREGORY J.",1363128,2014 GENERAL,A,10,2014
282,"LEVINE, MARC",1338897,2014 GENERAL,A,10,2014
283,"FRAZIER JR., JAMES L.",1341572,2014 GENERAL,A,11,2014
284,"HENTHORN, ALEX",1364567,2014 GENERAL,A,11,2014
285,"GREWAL, HARINDER",1362789,2014 GENERAL,A,12,2014
286,"OLSEN, KRISTIN M.",1323478,2014 GENERAL,A,12,2014
287,"EGGMAN, SUSAN",1337454,2014 GENERAL,A,13,2014
288,"JOBRACK, SOL",1364778,2014 GENERAL,A,13,2014
289,"BONILLA, SUSAN",1315657,2014 GENERAL,A,14,2014
290,"DELEPINE, JOY D.",1366787,2014 GENERAL,A,14,2014
291,"ECHOLS, ELIZABETH",1357374,2014 GENERAL,A,15,2014
292,"THURMOND, TONY",1295704,2014 GENERAL,A,15,2014
293,"BAKER, CATHARINE",1358730,2014 GENERAL,A,16,2014
294,"SBRANTI, TIM",1356108,2014 GENERAL,A,16,2014
295,"CAMPOS, DAVID",1359299,2014 GENERAL,A,17,2014
296,"CHIU, DAVID",1360423,2014 GENERAL,A,17,2014
297,"BONTA, ROB",1339733,2014 GENERAL,A,18,2014
298,"ERLICH, DAVID M.",1362222,2014 GENERAL,A,18,2014
299,"PINEDA, RENE GONZALO",1364780,2014 GENERAL,A,19,2014
300,"TING, PHIL",1343138,2014 GENERAL,A,19,2014
301,"PATINO, JAIME R.",1361490,2014 GENERAL,A,20,2014
302,"QUIRK, BILL (WILLIAM J.)",1336944,2014 GENERAL,A,20,2014
303,"GRAY, ADAM C.",1315410,2014 GENERAL,A,21,2014
304,"MOBLEY JR., JACK M.",1294243,2014 GENERAL,A,21,2014
305,"MULLIN, KEVIN",1342937,2014 GENERAL,A,22,2014
306,"GILHAM, MARK H.",1344727,2014 GENERAL,A,22,2014
307,"PATTERSON, JIM",1346007,2014 GENERAL,A,23,2014
308,"GABL, DIANE CHRISTINE",1365082,2014 GENERAL,A,24,2014
309,"GORDON, RICHARD S.",1316724,2014 GENERAL,A,24,2014
310,"BRUNTON, BOB",1363959,2014 GENERAL,A,25,2014
311,"CHU, KANSEN",1356482,2014 GENERAL,A,25,2014
312,"MATHIS, DEVON J.",1365277,2014 GENERAL,A,26,2014
313,"MENDOZA, RUDY",1356174,2014 GENERAL,A,26,2014
314,"CAMPOS, NORA",1318599,2014 GENERAL,A,27,2014
315,"LANCASTER, GORDON K.",1364779,2014 GENERAL,A,27,2014
316,"LOW, EVAN",1335519,2014 GENERAL,A,28,2014
317,"PAGE, CHUCK",1364063,2014 GENERAL,A,28,2014
318,"KAIN, PALMER",1363609,2014 GENERAL,A,29,2014
319,"STONE, MARK",1340922,2014 GENERAL,A,29,2014
320,"ALEJO, LUIS",1318708,2014 GENERAL,A,30,2014
321,"STARRITT, MARK",1364607,2014 GENERAL,A,30,2014
322,"PEREA, HENRY T.",1235519,2014 GENERAL,A,31,2014
323,"VILLARREAL, WALTER",1364377,2014 GENERAL,A,31,2014
324,"RIOS, PEDRO AYON",1343678,2014 GENERAL,A,32,2014
325,"SALAS JR., RUDY",1340989,2014 GENERAL,A,32,2014
326,"OBERNOLTE, JAY",1362835,2014 GENERAL,A,33,2014
327,"COFFEY, JOHN",1344000,2014 GENERAL,A,33,2014
328,"GROVE, SHANNON",1325437,2014 GENERAL,A,34,2014
329,"GOODMAN, VIRGINIA ""MARI""",1345763,2014 GENERAL,A,34,2014
330,"ACHADJIAN, KHATCHIK",1317317,2014 GENERAL,A,35,2014
331,"HARMON, HEIDI",1364777,2014 GENERAL,A,35,2014
332,"FOX, STEVE",1297103,2014 GENERAL,A,36,2014
333,"LACKEY, THOMAS W.",1345765,2014 GENERAL,A,36,2014
334,"DEBLAUW, RONALD E",1003934,2014 GENERAL,A,37,2014
335,"WILLIAMS, DAS",1316434,2014 GENERAL,A,37,2014
336,"FUENTES, JORGE SALOMON",1363832,2014 GENERAL,A,38,2014
337,"WILK, SCOTT T.",1339656,2014 GENERAL,A,38,2014
338,"BOCANEGRA, RAUL",1330049,2014 GENERAL,A,39,2014
339,"LOPEZ, PATTY",1358288,2014 GENERAL,A,39,2014
340,"HENRY, KATHLEEN",1365093,2014 GENERAL,A,40,2014
341,"STEINORTH, MARC",1362221,2014 GENERAL,A,40,2014
342,"HOLDEN, CHRIS",1336467,2014 GENERAL,A,41,2014
343,"HARGROVE, KARALEE B.",1359764,2014 GENERAL,A,42,2014
344,"MAYES, CHAD",1351765,2014 GENERAL,A,42,2014
345,"GATTO, MIKE",1005008,2014 GENERAL,A,43,2014
346,"ROYAL, TODD",1363510,2014 GENERAL,A,43,2014
347,"IRWIN, JACQUI",1362509,2014 GENERAL,A,44,2014
348,"MC COY, ROB",1362964,2014 GENERAL,A,44,2014
349,"DABABNEH, MATTHEW",1357054,2014 GENERAL,A,45,2014
350,"SHELLEY, SUSAN",1355797,2014 GENERAL,A,45,2014
351,"NAZARIAN, ADRIN",1323126,2014 GENERAL,A,46,2014
352,"TAYLOR, ZACHARY",1362620,2014 GENERAL,A,46,2014
353,"BROWN, CHERYL",1340553,2014 GENERAL,A,47,2014
354,"NAVARRO, GIL",1300150,2014 GENERAL,A,47,2014
355,"HERNANDEZ, ROGER",1276119,2014 GENERAL,A,48,2014
356,"LARA-GARDNER, JOSEPH",1343990,2014 GENERAL,A,48,2014
357,"CHAU, EDWIN",1281706,2014 GENERAL,A,49,2014
358,"SIEGRIST, ESTHELA T.",1365365,2014 GENERAL,A,49,2014
359,"BLOOM, RICHARD",1330273,2014 GENERAL,A,50,2014
360,"TORGAN, BRADLY S.",1341020,2014 GENERAL,A,50,2014
361,"GOMEZ, JIMMY",1334135,2014 GENERAL,A,51,2014
362,"SMITH, STEPHEN C.",1367072,2014 GENERAL,A,51,2014
363,"PINEDA, DOROTHY",1358125,2014 GENERAL,A,52,2014
364,"RODRIGUEZ, FREDDIE",1354976,2014 GENERAL,A,52,2014
365,"MENDOZA, SANDRA Y.",1358233,2014 GENERAL,A,53,2014
366,"SANTIAGO, MIGUEL",1357853,2014 GENERAL,A,53,2014
367,"RIDLEY-THOMAS, SEBASTIAN M.",1358246,2014 GENERAL,A,54,2014
368,"RATCLIFF, GLEN",1365736,2014 GENERAL,A,54,2014
369,"CHANG, LING-LING",1357038,2014 GENERAL,A,55,2014
370,"FRITCHLE, GREGG D.",1226413,2014 GENERAL,A,55,2014
371,"GARCIA, EDUARDO",1355371,2014 GENERAL,A,56,2014
372,"BENNETT JR, CHARLES H.",1358565,2014 GENERAL,A,56,2014
373,"CALDERON, IAN",1336511,2014 GENERAL,A,57,2014
374,"TOPALIAN, RITA H.",1259659,2014 GENERAL,A,57,2014
375,"GARCIA, CRISTINA",1343926,2014 GENERAL,A,58,2014
376,"JONES-SAWYER SR., REGINALD BYRON",1317870,2014 GENERAL,A,59,2014
377,"LINDER, ERIC",1345603,2014 GENERAL,A,60,2014
378,"PARK, KEN",1367073,2014 GENERAL,A,60,2014
379,"ARANDA, RUDY",1301595,2014 GENERAL,A,61,2014
380,"MEDINA, JOSE J.",1005789,2014 GENERAL,A,61,2014
381,"BURKE, AUTUMN",1357823,2014 GENERAL,A,62,2014
382,"GROSE, TED",1361796,2014 GENERAL,A,62,2014
383,"MILLER, ADAM J.",1365738,2014 GENERAL,A,63,2014
384,"RENDON, ANTHONY",1335212,2014 GENERAL,A,63,2014
385,"GIPSON, MIKE",1299805,2014 GENERAL,A,64,2014
386,"WALKER, PROPHET L.",1357980,2014 GENERAL,A,64,2014
387,"KIM, YOUNG O.",1358869,2014 GENERAL,A,65,2014
388,"QUIRK-SILVA, SHARON",1345707,2014 GENERAL,A,65,2014
389,"HADLEY, DAVID F.",1359993,2014 GENERAL,A,66,2014
390,"MURATSUCHI, AL",1315952,2014 GENERAL,A,66,2014
391,"MELENDEZ, MELISSA",1340675,2014 GENERAL,A,67,2014
392,"MELTON, CONRAD L",1366959,2014 GENERAL,A,67,2014
393,"WAGNER, DON",1260382,2014 GENERAL,A,68,2014
394,"CAMERON, ANNE",1364766,2014 GENERAL,A,68,2014
395,"DALY, TOM",1341148,2014 GENERAL,A,69,2014
396,"WALKER, SHERRY",1365739,2014 GENERAL,A,69,2014
397,"GOYA, JOHN C.",1358230,2014 GENERAL,A,70,2014
398,"O'DONNELL, PATRICK",1296270,2014 GENERAL,A,70,2014
399,"JONES, BRIAN W.",1319720,2014 GENERAL,A,71,2014
400,"TEORA, ANTHONY",1364128,2014 GENERAL,A,71,2014
401,"ALLEN, TRAVIS",1345834,2014 GENERAL,A,72,2014
402,"BLOCK, JOEL",1364662,2014 GENERAL,A,72,2014
403,"BROUGH, BILL",1356165,2014 GENERAL,A,73,2014
404,"GABRIELLA, WENDY B.",1359654,2014 GENERAL,A,73,2014
405,"CURRY, KEITH",1362287,2014 GENERAL,A,74,2014
406,"HARPER, MATTHEW",1341264,2014 GENERAL,A,74,2014
407,"WALDRON, MARIE",1273672,2014 GENERAL,A,75,2014
408,"SHESTOPLE, NICHOLAS",1366956,2014 GENERAL,A,75,2014
409,"CHAVEZ, ROCKY",1339551,2014 GENERAL,A,76,2014
410,"KROUSE, THOMAS",1367077,2014 GENERAL,A,76,2014
411,"MAIENSCHEIN, BRIAN",1339637,2014 GENERAL,A,77,2014
412,"HERNANDEZ, RUBEN",1365276,2014 GENERAL,A,77,2014
413,"ATKINS, TONI G.",1314678,2014 GENERAL,A,78,2014
414,"DECKER, BARBARA V.",1365230,2014 GENERAL,A,78,2014
415,"WEBER, SHIRLEY N.",1342820,2014 GENERAL,A,79,2014
416,"WILLIAMS, GEORGE R.",1367081,2014 GENERAL,A,79,2014
417,"GONZALEZ, LORENA S.",1353845,2014 GENERAL,A,80,2014
418,"GAINES, EDWARD T",1265444,2012 GENERAL,S,1,2012
419,"GRIFFITH-FLATTER, JULIE",1344996,2012 GENERAL,S,1,2012
420,"MIRANDA, FRANK",1347838,2012 GENERAL,S,3,2012
421,"WOLK, LOIS",1235630,2012 GENERAL,S,3,2012
422,"BERRYHILL, WILLIAM R.",1291444,2012 GENERAL,S,5,2012
423,"GALGIANI, CATHLEEN",1273495,2012 GENERAL,S,5,2012
424,"DE SAULNIER, MARK",1236046,2012 GENERAL,S,7,2012
425,"MEUSER, MARK P.",1345949,2012 GENERAL,S,7,2012
426,"HANCOCK, LONI",1238901,2012 GENERAL,S,9,2012
427,"MC ILROY, MARY CATHERINE",1347839,2012 GENERAL,S,9,2012
428,"DHILLON, HARMEET K.",1304545,2012 GENERAL,S,11,2012
429,"LENO, MARK",1226645,2012 GENERAL,S,11,2012
430,"HILL, JERRY A.",1290757,2012 GENERAL,S,13,2012
431,"LIEBER, SALLY",1231723,2012 GENERAL,S,13,2012
432,"BEALL, JIM",1251768,2012 GENERAL,S,15,2012
433,"COTO, JOE",1253525,2012 GENERAL,S,15,2012
434,"MONNING, WILLIAM W.",1297947,2012 GENERAL,S,17,2012
435,"BEAMAN, LARRY G.",1345530,2012 GENERAL,S,17,2012
436,"JACKSON, HANNAH-BETH",1005197,2012 GENERAL,S,19,2012
437,"STOKER, MIKE",1319188,2012 GENERAL,S,19,2012
438,"KNIGHT, STEVE",1295329,2012 GENERAL,S,21,2012
439,"MOFFATT, STAR",1345070,2012 GENERAL,S,21,2012
440,"EMMERSON, BILL",1261353,2012 GENERAL,S,23,2012
441,"O'DONNELL, MELISSA R.",1345772,2012 GENERAL,S,23,2012
442,"GONZALES, GILBERT V.",1345773,2012 GENERAL,S,25,2012
443,"LIU, CAROL",1005704,2012 GENERAL,S,25,2012
444,"PAVLEY, FRAN",1005757,2012 GENERAL,S,27,2012
445,"ZINK, TODD",1345540,2012 GENERAL,S,27,2012
446,"HUFF, ROBERT 'BOB'",1005380,2012 GENERAL,S,29,2012
447,"DIAMOND, GREGORY A.",1344287,2012 GENERAL,S,29,2012
448,"MILLER, JEFF",1224578,2012 GENERAL,S,31,2012
449,"ROTH, RICHARD D.",1343716,2012 GENERAL,S,31,2012
450,"LARA, RICARDO",1304215,2012 GENERAL,S,33,2012
451,"CHAUSER, LEE H.",1001773,2012 GENERAL,S,33,2012
452,"SVOLOS, CHARLOTTE A.",1344995,2012 GENERAL,S,35,2012
453,"WRIGHT, RODERICK ""ROD""",1005448,2012 GENERAL,S,35,2012
454,"WALTERS, MIMI",1251751,2012 GENERAL,S,37,2012
455,"YOUNG, STEVEN RAY",1346106,2012 GENERAL,S,37,2012
456,"BLOCK, MARTY J.",1294014,2012 GENERAL,S,39,2012
457,"PLESCIA, GEORGE A.",1240145,2012 GENERAL,S,39,2012
458,"BOSETTI, RICK A.",1342077,2012 GENERAL,A,1,2012
459,"DAHLE, BRIAN",1224716,2012 GENERAL,A,1,2012
460,"BABICH, MICHAEL",1335256,2012 GENERAL,A,1,2012
461,"CHESBRO, WESLEY",1005209,2012 GENERAL,A,2,2012
462,"LYNCH, THOMAS DEAN",1325013,2012 GENERAL,A,2,2012
463,"LOGUE, DANIEL R.",1292895,2012 GENERAL,A,3,2012
464,"ROUSE, CHARLES E.",1344872,2012 GENERAL,A,3,2012
465,"MUNN, JOHN R.",1005833,2012 GENERAL,A,4,2012
466,"YAMADA, MARIKO M.",1295701,2012 GENERAL,A,4,2012
467,"BIGELOW, FRANK",1342402,2012 GENERAL,A,5,2012
468,"OLLER, THOMAS",1004843,2012 GENERAL,A,5,2012
469,"GAINES, BETH B.",1335196,2012 GENERAL,A,6,2012
470,"PUGNO, ANDREW",1318501,2012 GENERAL,A,6,2012
471,"DICKINSON, ROGER",1251341,2012 GENERAL,A,7,2012
472,"ZACHARIOU, JONATHAN",1345692,2012 GENERAL,A,7,2012
473,"TATEISHI, PETER",1341059,2012 GENERAL,A,8,2012
474,"AMADOR, ANTONIO (TONY)",1343851,2012 GENERAL,A,9,2012
475,"PAN, RICHARD",1319205,2012 GENERAL,A,9,2012
476,"ALLEN, MICHAEL J.",1317458,2012 GENERAL,A,10,2012
477,"LEVINE, MARC",1338897,2012 GENERAL,A,10,2012
478,"FRAZIER JR., JAMES L.",1341572,2012 GENERAL,A,11,2012
479,"HUDSON, MICHAEL J.",1342403,2012 GENERAL,A,11,2012
480,"OLSEN, KRISTIN M.",1323478,2012 GENERAL,A,12,2012
481,"MATEO, CHRISTOPHER A.",1342398,2012 GENERAL,A,12,2012
482,"EGGMAN, SUSAN",1337454,2012 GENERAL,A,13,2012
483,"JAFRI, KHALID JEFFREY",1346351,2012 GENERAL,A,13,2012
484,"BONILLA, SUSAN",1315657,2012 GENERAL,A,14,2012
485,"SKINNER, NANCY",1303644,2012 GENERAL,A,15,2012
486,"RUYLE, EUGENE E.",1348091,2012 GENERAL,A,15,2012
487,"BUCHANAN, JOAN",1299400,2012 GENERAL,A,16,2012
488,"PHILLIPS, ESTES A.",1345066,2012 GENERAL,A,16,2012
489,"AMMIANO, TOM",1290517,2012 GENERAL,A,17,2012
490,"CLARK, JASON P.",1345820,2012 GENERAL,A,17,2012
491,"BONTA, ROB",1339733,2012 GENERAL,A,18,2012
492,"GUILLEN, ABEL",1338643,2012 GENERAL,A,18,2012
493,"BREYER, MICHAEL C.",1345758,2012 GENERAL,A,19,2012
494,"TING, PHIL",1343138,2012 GENERAL,A,19,2012
495,"ONG, JENNIFER",1337035,2012 GENERAL,A,20,2012
496,"QUIRK, BILL (WILLIAM J.)",1336944,2012 GENERAL,A,20,2012
497,"GRAY, ADAM C.",1315410,2012 GENERAL,A,21,2012
498,"MOBLEY JR., JACK M.",1294243,2012 GENERAL,A,21,2012
499,"MULLIN, KEVIN",1342937,2012 GENERAL,A,22,2012
500,"GILHAM, MARK H.",1344727,2012 GENERAL,A,22,2012
501,"PATTERSON, JIM",1346007,2012 GENERAL,A,23,2012
502,"WHALEN, ROBERT",1305348,2012 GENERAL,A,23,2012
503,"GORDON, RICHARD S.",1316724,2012 GENERAL,A,24,2012
504,"YANG, CHENGZHI ""GEORGE""",1325753,2012 GENERAL,A,24,2012
505,"WIECKOWSKI, ROBERT",1315744,2012 GENERAL,A,25,2012
506,"DIAMOND, ARLYNE M.",1345200,2012 GENERAL,A,25,2012
507,"CONWAY, CONNIE",1224866,2012 GENERAL,A,26,2012
508,"SOSA, JONATHON LOUIS",1345711,2012 GENERAL,A,26,2012
509,"CAMPOS, NORA",1318599,2012 GENERAL,A,27,2012
510,"LASSON, ROGER F.",1345774,2012 GENERAL,A,27,2012
511,"FONG, PAUL",1296276,2012 GENERAL,A,28,2012
512,"WALSH, CHAD R.",1341787,2012 GENERAL,A,28,2012
513,"STONE, MARK",1340922,2012 GENERAL,A,29,2012
514,"WALSH, TOM P.",1345814,2012 GENERAL,A,29,2012
515,"ALEJO, LUIS",1318708,2012 GENERAL,A,30,2012
516,"BERNOSKY, ROBERT E.",1322746,2012 GENERAL,A,30,2012
517,"BENNETT, JAMES D.",1347841,2012 GENERAL,A,31,2012
518,"PEREA, HENRY T.",1235519,2012 GENERAL,A,31,2012
519,"RIOS, PEDRO AYON",1343678,2012 GENERAL,A,32,2012
520,"SALAS JR., RUDY",1340989,2012 GENERAL,A,32,2012
521,"DONNELLY, TIM",1324846,2012 GENERAL,A,33,2012
522,"COFFEY, JOHN",1344000,2012 GENERAL,A,33,2012
523,"GROVE, SHANNON",1325437,2012 GENERAL,A,34,2012
524,"GOODMAN, VIRGINIA ""MARI""",1345763,2012 GENERAL,A,34,2012
525,"ACHADJIAN, KHATCHIK",1317317,2012 GENERAL,A,35,2012
526,"MANATA, GERALD L.",1344056,2012 GENERAL,A,35,2012
527,"FOX, STEVE",1297103,2012 GENERAL,A,36,2012
528,"SMITH, RONALD D.",1293675,2012 GENERAL,A,36,2012
529,"WALTER, ROBIN T.",1345759,2012 GENERAL,A,37,2012
530,"WILLIAMS, DAS",1316434,2012 GENERAL,A,37,2012
531,"HEADINGTON, EDWARD W.",1340991,2012 GENERAL,A,38,2012
532,"WILK, SCOTT T.",1339656,2012 GENERAL,A,38,2012
533,"ALARCON, RICHARD",1256876,2012 GENERAL,A,39,2012
534,"BOCANEGRA, RAUL",1330049,2012 GENERAL,A,39,2012
535,"MORRELL, MICHAEL L.",1252076,2012 GENERAL,A,40,2012
536,"WARNER, RUSS H.",1344267,2012 GENERAL,A,40,2012
537,"HOLDEN, CHRIS",1336467,2012 GENERAL,A,41,2012
538,"LOWE, DONNA",1343149,2012 GENERAL,A,41,2012
539,"NESTANDE, BRIAN",1301731,2012 GENERAL,A,42,2012
540,"OROZCO, MARK",1339400,2012 GENERAL,A,42,2012
541,"GATTO, MIKE",1005008,2012 GENERAL,A,43,2012
542,"KRIKORIAN, GREGORY S.",1345524,2012 GENERAL,A,43,2012
543,"GORELL, JEFF",1236048,2012 GENERAL,A,44,2012
544,"MAC ENERY, EILEEN",1345634,2012 GENERAL,A,44,2012
545,"BLUMENFIELD, BOB",1295328,2012 GENERAL,A,45,2012
546,"KOLSKI, CHRIS",1346317,2012 GENERAL,A,45,2012
547,"NAZARIAN, ADRIN",1323126,2012 GENERAL,A,46,2012
548,"STERN, JAY L.",1345760,2012 GENERAL,A,46,2012
549,"BACA JR., JOE",1251583,2012 GENERAL,A,47,2012
550,"BROWN, CHERYL",1340553,2012 GENERAL,A,47,2012
551,"HERNANDEZ, ROGER",1276119,2012 GENERAL,A,48,2012
552,"LARA-GARDNER, JOSEPH",1343990,2012 GENERAL,A,48,2012
553,"CHAU, EDWIN",1281706,2012 GENERAL,A,49,2012
554,"LIN, MATTHEW",1343682,2012 GENERAL,A,49,2012
555,"BLOOM, RICHARD",1330273,2012 GENERAL,A,50,2012
556,"BUTLER, BETSY",1298929,2012 GENERAL,A,50,2012
557,"GOMEZ, JIMMY",1334135,2012 GENERAL,A,51,2012
558,"LOPEZ, LUIS",1328641,2012 GENERAL,A,51,2012
559,"COBLE, KENNETH E.",1344724,2012 GENERAL,A,52,2012
560,"TORRES, NORMA",1226719,2012 GENERAL,A,52,2012
561,"PEREZ, JOHN A.",1304250,2012 GENERAL,A,53,2012
562,"AGUILAR, JOSE T.",1345825,2012 GENERAL,A,53,2012
563,"MITCHELL, HOLLY J.",1307762,2012 GENERAL,A,54,2012
564,"MC COWEN, KEITH B.",1304806,2012 GENERAL,A,54,2012
565,"HAGMAN, CURT",1297723,2012 GENERAL,A,55,2012
566,"PEREZ, V. MANUEL",1304928,2012 GENERAL,A,56,2012
567,"REYNAGA-EMETT, CORKY",1343551,2012 GENERAL,A,56,2012
568,"CALDERON, IAN",1336511,2012 GENERAL,A,57,2012
569,"JAIMES, NOEL A.",1326299,2012 GENERAL,A,57,2012
570,"GARCIA, CRISTINA",1343926,2012 GENERAL,A,58,2012
571,"KOTZE-RAMOS, PATRICIA A.",1345764,2012 GENERAL,A,58,2012
572,"JONES-SAWYER SR., REGINALD BYRON",1317870,2012 GENERAL,A,59,2012
573,"ROBINSON, RODNEY D.",1342076,2012 GENERAL,A,59,2012
574,"LINDER, ERIC",1345603,2012 GENERAL,A,60,2012
575,"PEREZ, JOSE L.",1345234,2012 GENERAL,A,60,2012
576,"BATEY, WILLIAM",1005696,2012 GENERAL,A,61,2012
577,"MEDINA, JOSE J.",1005789,2012 GENERAL,A,61,2012
578,"BRADFORD, STEVEN",1235136,2012 GENERAL,A,62,2012
580,"RENDON, ANTHONY",1335212,2012 GENERAL,A,63,2012
581,"GUERRERO, JACK M.",1346411,2012 GENERAL,A,63,2012
582,"HALL, ISADORE",1276161,2012 GENERAL,A,64,2012
583,"NORBY, CHRIS",1005701,2012 GENERAL,A,65,2012
584,"QUIRK-SILVA, SHARON",1345707,2012 GENERAL,A,65,2012
585,"HUEY, CRAIG",1342938,2012 GENERAL,A,66,2012
586,"MURATSUCHI, AL",1315952,2012 GENERAL,A,66,2012
587,"MELENDEZ, MELISSA",1340675,2012 GENERAL,A,67,2012
588,"PAULE, PHIL",1339613,2012 GENERAL,A,67,2012
589,"WAGNER, DON",1260382,2012 GENERAL,A,68,2012
590,"AVALOS, CHRISTINA",1346626,2012 GENERAL,A,68,2012
591,"DALY, TOM",1341148,2012 GENERAL,A,69,2012
592,"MORENO, JOSE L.",1346415,2012 GENERAL,A,69,2012
593,"FLORES-GIBSON, MARTHA",1325824,2012 GENERAL,A,70,2012
594,"LOWENTHAL, BONNIE",1297235,2012 GENERAL,A,70,2012
595,"JONES, BRIAN W.",1319720,2012 GENERAL,A,71,2012
596,"HURLEY, PATRICK J.",1345236,2012 GENERAL,A,71,2012
597,"ALLEN, TRAVIS",1345834,2012 GENERAL,A,72,2012
598,"EDGAR, TROY",1344503,2012 GENERAL,A,72,2012
599,"HARKEY, DIANE",1281241,2012 GENERAL,A,73,2012
600,"CORBETT, JAMES",1345829,2012 GENERAL,A,73,2012
601,"MANSOOR, ALLAN R.",1317797,2012 GENERAL,A,74,2012
602,"RUSH, ROBERT L.",1345430,2012 GENERAL,A,74,2012
603,"WALDRON, MARIE",1273672,2012 GENERAL,A,75,2012
604,"HEROLD, MATTHEW A.",1344997,2012 GENERAL,A,75,2012
605,"CHAVEZ, ROCKY",1339551,2012 GENERAL,A,76,2012
606,"HODGES, SHERRY M.",1336275,2012 GENERAL,A,76,2012
607,"MAIENSCHEIN, BRIAN",1339637,2012 GENERAL,A,77,2012
608,"HERNANDEZ JR., RUBEN D. ""RJ""",1338330,2012 GENERAL,A,77,2012
609,"ATKINS, TONI G.",1314678,2012 GENERAL,A,78,2012
610,"DENNEY, RALPH",1281914,2012 GENERAL,A,78,2012
611,"ENGLAND, MARY",1343974,2012 GENERAL,A,79,2012
612,"WEBER, SHIRLEY N.",1342820,2012 GENERAL,A,79,2012
613,"HUESO, BEN",1315742,2012 GENERAL,A,80,2012
614,"ROACH, DERRICK",1305524,2012 GENERAL,A,80,2012
676,"EVANS, NOREEN M.",1227859,2010 GENERAL,S,2,2010
677,"WIESNER, LAWRENCE R.",1282695,2010 GENERAL,S,2,2010
678,"LA MALFA, DOUG",1239935,2010 GENERAL,S,4,2010
679,"GILL, LATHE SHELDON",1319806,2010 GENERAL,S,4,2010
680,"STEINBERG, DARRELL",1005223,2010 GENERAL,S,6,2010
681,"HYLAND, LANRIC",1323907,2010 GENERAL,S,6,2010
682,"TORNO, STEVE",1325306,2010 GENERAL,S,6,2010
683,"WEILAND, MARCEL C.",1325112,2010 GENERAL,S,6,2010
684,"YEE, LELAND Y.",1226856,2010 GENERAL,S,8,2010
686,"CORBETT, ELLEN",1005551,2010 GENERAL,S,10,2010
687,"CHOU, IVAN C.",1325349,2010 GENERAL,S,10,2010
688,"MAFFIT, ROBERT B.",1325351,2010 GENERAL,S,10,2010
689,"CABALLERO, ANNA",1282323,2010 GENERAL,S,12,2010
690,"CANNELLA, ANTHONY JOSEPH",1318121,2010 GENERAL,S,12,2010
691,"BERRYHILL, TOM",1294245,2010 GENERAL,S,14,2010
692,"JOHNSON, LARRY",1326151,2010 GENERAL,S,14,2010
693,"RUBIO, MICHAEL J.",1308516,2010 GENERAL,S,16,2010
694,"THIESEN, TIMOTHY A.",1325253,2010 GENERAL,S,16,2010
695,"FULLER, JEAN",1284988,2010 GENERAL,S,18,2010
696,"POPE, CARTER N.",1316318,2010 GENERAL,S,18,2010
697,"PADILLA, ALEX",1278243,2010 GENERAL,S,20,2010
698,"EVANS, KATHLEEN S.",1326082,2010 GENERAL,S,20,2010
699,"GALYSH, ADRIAN B.",1323297,2010 GENERAL,S,20,2010
700,"DE LEON, KEVIN",1263266,2010 GENERAL,S,22,2010
701,"HERNANDEZ, EDWARD P.",1266775,2010 GENERAL,S,24,2010
702,"MORRISON, WILLIAM M.",1316414,2010 GENERAL,S,24,2010
703,"PRICE, CURREN D.",1317525,2010 GENERAL,S,26,2010
704,"HENDERSON, CINDY VARELA",1284428,2010 GENERAL,S,26,2010
705,"SHIFREN, NACHUM",1314570,2010 GENERAL,S,26,2010
707,"OROPEZA, JENNY",1005665,2010 GENERAL,S,28,2010
708,"STAMMREICH, JOHN S.",1317544,2010 GENERAL,S,28,2010
709,"RUSKIN, DAVID",1326298,2010 GENERAL,S,28,2010
710,"CALDERON, RONALD",1235391,2010 GENERAL,S,30,2010
711,"WILLIS, WARREN P.",1325618,2010 GENERAL,S,30,2010
712,"MC LEOD, GLORIA NEGRETE",1005234,2010 GENERAL,S,32,2010
713,"DE VRIES, EARL",1324716,2010 GENERAL,S,32,2010
714,"CORREA, LOU",1004849,2010 GENERAL,S,34,2010
715,"KRING, LUCILLE",1325877,2010 GENERAL,S,34,2010
716,"ANDERSON, JOEL C.",1004048,2010 GENERAL,S,36,2010
717,"CLAY, PAUL",1319584,2010 GENERAL,S,36,2010
718,"METTI, MICHAEL S.",098361,2010 GENERAL,S,36,2010
719,"WYLAND, MARK B.",1005714,2010 GENERAL,S,38,2010
720,"JONES, GILA",1313233,2010 GENERAL,S,38,2010
721,"STONE, KRISTI",1239924,2010 GENERAL,S,38,2010
722,"VARGAS, JUAN C.",1005741,2010 GENERAL,S,40,2010
723,"HENDRY, BRIAN J.",1325454,2010 GENERAL,S,40,2010
724,"BROOKS, KAREN",1325571,2010 GENERAL,A,1,2010
725,"CHESBRO, WESLEY",1005209,2010 GENERAL,A,1,2010
726,"NIELSEN, JIM",1299401,2010 GENERAL,A,2,2010
727,"HARRINGTON, MICHAEL ""MICKEY""",1283210,2010 GENERAL,A,3,2010
728,"LOGUE, DANIEL R.",1292895,2010 GENERAL,A,3,2010
729,"BRYANT, GARY C.",1325823,2010 GENERAL,A,3,2010
730,"CAMPANALE, DENNIS J.",1307321,2010 GENERAL,A,4,2010
731,"GAINES, EDWARD T",1265444,2010 GENERAL,A,4,2010
732,"FREDERICK, DANIEL D.",1323642,2010 GENERAL,A,4,2010
733,"PAN, RICHARD",1319205,2010 GENERAL,A,5,2010
734,"PUGNO, ANDREW",1318501,2010 GENERAL,A,5,2010
735,"MARTINEZ, ELIZABETH S.",1323643,2010 GENERAL,A,5,2010
736,"HUFFMAN, JARED",1273044,2010 GENERAL,A,6,2010
737,"STEPHENS, ROBERT L.",1324411,2010 GENERAL,A,6,2010
738,"ALLEN, MICHAEL J.",1317458,2010 GENERAL,A,7,2010
739,"GENTRY, DORIS L.",1304912,2010 GENERAL,A,7,2010
740,"MOORE, KATHRYN N.",1323369,2010 GENERAL,A,7,2010
741,"YAMADA, MARIKO M.",1295701,2010 GENERAL,A,8,2010
742,"CONNOR, MICHELLE P.",1323678,2010 GENERAL,A,8,2010
743,"DICKINSON, ROGER",1251341,2010 GENERAL,A,9,2010
744,"COSTA, DANIEL A.",1323450,2010 GENERAL,A,9,2010
745,"REDDING, RICK D.",1325368,2010 GENERAL,A,9,2010
746,"HUBER, ALYSON",1297647,2010 GENERAL,A,10,2010
747,"SIEGLOCK, JACK A.",1296571,2010 GENERAL,A,10,2010
748,"BONSER, JANICE M.",1282162,2010 GENERAL,A,10,2010
749,"TROYER, ALBERT",1282326,2010 GENERAL,A,10,2010
750,"BONILLA, SUSAN",1315657,2010 GENERAL,A,11,2010
751,"CRAVEN, JULIE",1325447,2010 GENERAL,A,11,2010
752,"MA, FIONA",1261661,2010 GENERAL,A,12,2010
753,"FAUSTINO, ALFONSO S.",1325626,2010 GENERAL,A,12,2010
754,"AMMIANO, TOM",1290517,2010 GENERAL,A,13,2010
755,"PETER, LAURA A.",1325627,2010 GENERAL,A,13,2010
756,"SKINNER, NANCY",1303644,2010 GENERAL,A,14,2010
757,"HATCHER, RYAN J.",1325718,2010 GENERAL,A,14,2010
758,"BUCHANAN, JOAN",1299400,2010 GENERAL,A,15,2010
759,"WILSON, ABRAM",1298171,2010 GENERAL,A,15,2010
760,"SWANSON, SANDRE",1268691,2010 GENERAL,A,16,2010
761,"FAISON, JAMES",1309227,2010 GENERAL,A,16,2010
762,"RINGER, LISA D.",1325004,2010 GENERAL,A,16,2010
763,"GALGIANI, CATHLEEN",1273495,2010 GENERAL,A,17,2010
764,"MOBLEY JR., JACK M.",1294243,2010 GENERAL,A,17,2010
765,"HAYASHI, MARY",1266779,2010 GENERAL,A,18,2010
766,"HAVIG, MICHAEL",1326302,2010 GENERAL,A,18,2010
767,"HILL, JERRY A.",1290757,2010 GENERAL,A,19,2010
768,"TUTIN, GARY",1326081,2010 GENERAL,A,19,2010
769,"WAISMAN, ALBERTO A.",1325934,2010 GENERAL,A,19,2010
770,"WIECKOWSKI, ROBERT",1315744,2010 GENERAL,A,20,2010
771,"SHAHAB, ADNAN I.",1319780,2010 GENERAL,A,20,2010
772,"CONLON, GREG",1325714,2010 GENERAL,A,21,2010
773,"GORDON, RICHARD S.",1316724,2010 GENERAL,A,21,2010
775,"FONG, PAUL",1296276,2010 GENERAL,A,22,2010
776,"CAMPBELL, TIMOTHY J. (T.J.)",1322889,2010 GENERAL,A,22,2010
777,"HICKOK, ERIC",1325347,2010 GENERAL,A,22,2010
778,"CAMPOS, NORA",1318599,2010 GENERAL,A,23,2010
779,"SAINI, ATUL",1326300,2010 GENERAL,A,23,2010
780,"BEALL, JIM",1251768,2010 GENERAL,A,24,2010
781,"CHANDLER, ROBERT L.",1322024,2010 GENERAL,A,24,2010
782,"OLSEN, KRISTIN M.",1323478,2010 GENERAL,A,25,2010
783,"BERRYHILL, WILLIAM R.",1291444,2010 GENERAL,A,26,2010
784,"WEINTZ, TIM P.",1220774,2010 GENERAL,A,26,2010
785,"MONNING, WILLIAM W.",1297947,2010 GENERAL,A,27,2010
786,"BLACK, LINDA ""ELLIE""",1324062,2010 GENERAL,A,27,2010
787,"ALEJO, LUIS",1318708,2010 GENERAL,A,28,2010
788,"BERNOSKY, ROBERT E.",1322746,2010 GENERAL,A,28,2010
789,"HALDERMAN, LINDA F.",1323720,2010 GENERAL,A,29,2010
790,"ESSWEIN, MICHAEL J.",1324666,2010 GENERAL,A,29,2010
791,"FLOREZ, FRAN",1227860,2010 GENERAL,A,30,2010
792,"VALADAO, DAVID G.",1322852,2010 GENERAL,A,30,2010
793,"PEREA, HENRY T.",1235519,2010 GENERAL,A,31,2010
794,"SHOEMAKER, BRANDON K.",1319091,2010 GENERAL,A,31,2010
795,"GROVE, SHANNON",1325437,2010 GENERAL,A,32,2010
796,"SPOHN-GROSS, HOLLY",1325773,2010 GENERAL,A,32,2010
797,"ACHADJIAN, KHATCHIK",1317317,2010 GENERAL,A,33,2010
798,"ZACARIAS, HILDA",1317767,2010 GENERAL,A,33,2010
799,"POLSON, PAUL K.",1326087,2010 GENERAL,A,33,2010
800,"CONWAY, CONNIE",1224866,2010 GENERAL,A,34,2010
801,"CASTRO, ESMERALDA",1325557,2010 GENERAL,A,34,2010
802,"STOKER, MIKE",1319188,2010 GENERAL,A,35,2010
803,"WILLIAMS, DAS",1316434,2010 GENERAL,A,35,2010
804,"JONES, LINDA K.",1302094,2010 GENERAL,A,36,2010
805,"KNIGHT, STEVE",1295329,2010 GENERAL,A,36,2010
806,"GORELL, JEFF",1236048,2010 GENERAL,A,37,2010
807,"MASRY, FERIAL",1262087,2010 GENERAL,A,37,2010
808,"SHAW, DIANA",1326196,2010 GENERAL,A,38,2010
809,"SMYTH, CAMERON",1277161,2010 GENERAL,A,38,2010
810,"CHRISTENSEN, PEGGY L.",1284072,2010 GENERAL,A,38,2010
811,"FUENTES, FELIPE",1295035,2010 GENERAL,A,39,2010
812,"LINDBLAD, JOHN P. (JACK)",1304355,2010 GENERAL,A,39,2010
813,"BLUMENFIELD, BOB",1295328,2010 GENERAL,A,40,2010
814,"DE YOUNG, DENNIS",1321263,2010 GENERAL,A,40,2010
815,"BROWNLEY, JULIA",1272017,2010 GENERAL,A,41,2010
816,"RATHBUN, TERRENCE L.",1323292,2010 GENERAL,A,41,2010
817,"FEUER, MICHAEL NELSON",1257933,2010 GENERAL,A,42,2010
818,"TOMAN, MARY A.",1240291,2010 GENERAL,A,42,2010
819,"GATTO, MIKE",1005008,2010 GENERAL,A,43,2010
820,"RAMANI, SUNDER",1323715,2010 GENERAL,A,43,2010
821,"PORTANTINO, ANTHONY",1267043,2010 GENERAL,A,44,2010
822,"DAY, ALVARO G.",1318962,2010 GENERAL,A,44,2010
823,"KOLLIN, EYTAN",1325628,2010 GENERAL,A,44,2010
824,"CEDILLO, GILBERT",1005224,2010 GENERAL,A,45,2010
825,"OLIVOS, SUZANNE",1325451,2010 GENERAL,A,45,2010
826,"PEREZ, JOHN A.",1304250,2010 GENERAL,A,46,2010
827,"MITCHELL, HOLLY J.",1307762,2010 GENERAL,A,47,2010
828,"CAGE, LADY",1304254,2010 GENERAL,A,47,2010
829,"MC GARY, SEAN P.",1326307,2010 GENERAL,A,47,2010
830,"DAVIS, MIKE",1277329,2010 GENERAL,A,48,2010
831,"ENG, MICHAEL",1275685,2010 GENERAL,A,49,2010
832,"TAYLOR, BRADLEY J.",1320529,2010 GENERAL,A,49,2010
833,"LARA, RICARDO",1304215,2010 GENERAL,A,50,2010
834,"MILLER, GLADYS O.",1240642,2010 GENERAL,A,50,2010
835,"BRADFORD, STEVEN",1235136,2010 GENERAL,A,51,2010
836,"SANTIAGO, CYNTHIA",1326309,2010 GENERAL,A,51,2010
837,"HALL, ISADORE",1276161,2010 GENERAL,A,52,2010
838,"PATRICK, GWEN (BATISTE)",1305224,2010 GENERAL,A,52,2010
839,"BUTLER, BETSY",1298929,2010 GENERAL,A,53,2010
840,"MINTZ, NATHAN M.",1323498,2010 GENERAL,A,53,2010
841,"GREEN, LISA A.",1317610,2010 GENERAL,A,53,2010
842,"MUSULIN, ETHAN M.",1325556,2010 GENERAL,A,53,2010
843,"FLORES-GIBSON, MARTHA",1325824,2010 GENERAL,A,54,2010
844,"LOWENTHAL, BONNIE",1297235,2010 GENERAL,A,54,2010
845,"FURUTANI, WARREN",1265441,2010 GENERAL,A,55,2010
846,"SALABAJ, CHRISTOPHER J.",1318183,2010 GENERAL,A,55,2010
847,"MENDOZA, TONY",1238223,2010 GENERAL,A,56,2010
848,"BESTWICK, HENRY J.",1325619,2010 GENERAL,A,56,2010
849,"HERNANDEZ, ROGER",1276119,2010 GENERAL,A,57,2010
850,"GUTIERREZ, BRIAN A.",1323177,2010 GENERAL,A,57,2010
851,"CALDERON, CHARLES M.",1001590,2010 GENERAL,A,58,2010
852,"MAY, GARRETT M.",1326152,2010 GENERAL,A,58,2010
853,"DONNELLY, TIM",1324846,2010 GENERAL,A,59,2010
854,"WOODS, DARCEL",1321120,2010 GENERAL,A,59,2010
855,"GOSNEY, ROBERT D.",1325453,2010 GENERAL,A,59,2010
856,"TYLER, TONY",1324057,2010 GENERAL,A,59,2010
857,"HAGMAN, CURT",1297723,2010 GENERAL,A,60,2010
858,"MOORS, RAYMOND KENNETH",1325049,2010 GENERAL,A,61,2010
859,"TORRES, NORMA",1226719,2010 GENERAL,A,61,2010
860,"CARTER, WILMER AMINA",1281998,2010 GENERAL,A,62,2010
861,"ENSLEY, JEANE M.",1326197,2010 GENERAL,A,62,2010
862,"MORRELL, MICHAEL L.",1252076,2010 GENERAL,A,63,2010
863,"WICKMAN, RENEA",1320891,2010 GENERAL,A,63,2010
864,"MEDINA, JOSE J.",1005789,2010 GENERAL,A,64,2010
865,"NESTANDE, BRIAN",1301731,2010 GENERAL,A,64,2010
866,"COOK, PAUL J.",1277238,2010 GENERAL,A,65,2010
867,"WOOD, CARL W.",1302484,2010 GENERAL,A,65,2010
868,"DYE, DOUGLAS",1323553,2010 GENERAL,A,66,2010
869,"JEFFRIES, KEVIN D.",1274283,2010 GENERAL,A,66,2010
870,"SILVA, JAMES W.",1241308,2010 GENERAL,A,67,2010
871,"FREEMAN, ROSALIND A.",1326046,2010 GENERAL,A,67,2010
872,"MANSOOR, ALLAN R.",1317797,2010 GENERAL,A,68,2010
873,"NGUYEN, PHU",1323127,2010 GENERAL,A,68,2010
874,"SOLORIO, JOSE",1279123,2010 GENERAL,A,69,2010
875,"HAMMOND, ROBERT MORRIS",1321634,2010 GENERAL,A,69,2010
876,"FOX, MELISSA",1318327,2010 GENERAL,A,70,2010
877,"WAGNER, DON",1260382,2010 GENERAL,A,70,2010
878,"THARP, DEBORAH",1326359,2010 GENERAL,A,70,2010
879,"MILLER, JEFF",1224578,2010 GENERAL,A,71,2010
880,"KEPHART, GARY R.",1325625,2010 GENERAL,A,71,2010
881,"NORBY, CHRIS",1005701,2010 GENERAL,A,72,2010
882,"RANDS, JANE A.",1321845,2010 GENERAL,A,72,2010
883,"UBALLE, ESIQUIO",1326128,2010 GENERAL,A,72,2010
884,"HARKEY, DIANE",1281241,2010 GENERAL,A,73,2010
885,"JONES, JUDITH E.",1286487,2010 GENERAL,A,73,2010
886,"CRAWFORD, CRYSTAL",1318326,2010 GENERAL,A,74,2010
887,"GARRICK, MARTIN W.",1274189,2010 GENERAL,A,74,2010
888,"KING, PAUL",1305081,2010 GENERAL,A,74,2010
889,"FLETCHER, NATHAN B.",1281232,2010 GENERAL,A,75,2010
890,"CHADWICK, CHRISTOPHER A.",1325075,2010 GENERAL,A,75,2010
891,"GARVER, PAUL",1321196,2010 GENERAL,A,75,2010
892,"ATKINS, TONI G.",1314678,2010 GENERAL,A,76,2010
893,"DENNEY, RALPH",1281914,2010 GENERAL,A,76,2010
894,"BAEHR, DANIEL H.",1305521,2010 GENERAL,A,76,2010
895,"HANSON, MARK N.",1284728,2010 GENERAL,A,77,2010
896,"JONES, BRIAN W.",1319720,2010 GENERAL,A,77,2010
897,"BELITZ, RICHARD G.",1283090,2010 GENERAL,A,77,2010
898,"BLOCK, MARTY J.",1294014,2010 GENERAL,A,78,2010
899,"POWELL, RICK L.",1324151,2010 GENERAL,A,78,2010
900,"HUESO, BEN",1315742,2010 GENERAL,A,79,2010
901,"ROACH, DERRICK",1305524,2010 GENERAL,A,79,2010
902,"PEREZ, V. MANUEL",1304928,2010 GENERAL,A,80,2010
903,"SANCHEZ, STEVE",1325850,2010 GENERAL,A,80,2010
904,"COX, DAVE",1004452,2008 GENERAL,S,1,2008
905,"CHAVEZ, ANSELMO A.",1005824,2008 GENERAL,S,1,2008
906,"LENO, MARK",1226645,2008 GENERAL,S,3,2008
907,"MC ENTEE, SASHI",1305503,2008 GENERAL,S,3,2008
908,"AGHAZARIAN, GREG",1005692,2008 GENERAL,S,5,2008
909,"WOLK, LOIS",1235630,2008 GENERAL,S,5,2008
910,"DE SAULNIER, MARK",1236046,2008 GENERAL,S,7,2008
911,"AMSBERRY, CHRISTIAN A.",1304934,2008 GENERAL,S,7,2008
912,"HANCOCK, LONI",1238901,2008 GENERAL,S,9,2008
913,"BERMUDEZ, CLAUDIA",1304702,2008 GENERAL,S,9,2008
914,"FEINLAND, MARSHA J.",1304503,2008 GENERAL,S,9,2008
915,"SIMITIAN, S. JOSEPH",1004819,2008 GENERAL,S,11,2008
916,"NATHAN, BLAIR A.",1294634,2008 GENERAL,S,11,2008
917,"ALQUIST, ELAINE",1004827,2008 GENERAL,S,13,2008
918,"CONNOLLY, SHANE PATRICK",1260437,2008 GENERAL,S,13,2008
919,"WEBSTER, JOHN H.",1260402,2008 GENERAL,S,13,2008
920,"MALDONADO, ABEL",1005389,2008 GENERAL,S,15,2008
921,"FITZGERALD, JIM",1308509,2008 GENERAL,S,15,2008
922,"MC FARLAND, BRUCE DAVID",1304815,2008 GENERAL,S,17,2008
923,"RUNNER, GEORGE C.",1005399,2008 GENERAL,S,17,2008
924,"JACKSON, HANNAH-BETH",1005197,2008 GENERAL,S,19,2008
925,"STRICKLAND, TONY",1005462,2008 GENERAL,S,19,2008
926,"LIU, CAROL",1005704,2008 GENERAL,S,21,2008
927,"CHOI, TEDDY",1303404,2008 GENERAL,S,21,2008
928,"MYERS, STEVEN A.",1284935,2008 GENERAL,S,21,2008
929,"PAVLEY, FRAN",1005757,2008 GENERAL,S,23,2008
930,"GOLDMAN, COLIN S.",1220808,2008 GENERAL,S,23,2008
931,"MONTAINE, RICHARD E.",1282325,2008 GENERAL,S,23,2008
932,"GUTIERREZ, LYDIA A.",1318663,2008 GENERAL,S,25,2008
933,"WRIGHT, RODERICK ""ROD""",1005448,2008 GENERAL,S,25,2008
934,"LOWENTHAL, ALAN",1005392,2008 GENERAL,S,27,2008
935,"WOOD, ALLEN G.",1304915,2008 GENERAL,S,27,2008
936,"HUFF, ROBERT 'BOB'",1005380,2008 GENERAL,S,29,2008
937,"LYONS, JOSEPH",1304721,2008 GENERAL,S,29,2008
938,"STONE, JILL K.",1282278,2008 GENERAL,S,29,2008
939,"DUTTON, BOB",1233959,2008 GENERAL,S,31,2008
940,"FULLER, AMEENAH R.",1305421,2008 GENERAL,S,31,2008
941,"PRITCHARD, GARY",1305111,2008 GENERAL,S,33,2008
942,"HARMAN, TOM",1282258,2008 GENERAL,S,35,2008
943,"MAYER, VIRGINIA GINNY",1301853,2008 GENERAL,S,35,2008
944,"BENOIT, JOHN J.",1240093,2008 GENERAL,S,37,2008
945,"GUERRERO, ARTHUR BRAVO",1295474,2008 GENERAL,S,37,2008
946,"KEHOE, CHRISTINE",1005669,2008 GENERAL,S,39,2008
947,"PERWIN, JEFF",1305083,2008 GENERAL,S,39,2008
948,"THOMAS, JESSE",1285070,2008 GENERAL,S,39,2008
949,"CHESBRO, WESLEY",1005209,2008 GENERAL,A,1,2008
950,"PELL, JAMES J.",1305289,2008 GENERAL,A,1,2008
951,"NIELSEN, JIM",1299401,2008 GENERAL,A,2,2008
952,"SINGH, PAUL R.",1284906,2008 GENERAL,A,2,2008
953,"HARRINGTON, MICHAEL ""MICKEY""",1283210,2008 GENERAL,A,3,2008
954,"LOGUE, DANIEL R.",1292895,2008 GENERAL,A,3,2008
955,"GAINES, EDWARD T",1265444,2008 GENERAL,A,4,2008
956,"NIELLO, ROGER",1251659,2008 GENERAL,A,5,2008
957,"LEAHY, DANIEL K.",1304804,2008 GENERAL,A,5,2008
958,"MARTINEZ, KAREN LOIS",1304708,2008 GENERAL,A,5,2008
959,"HUFFMAN, JARED",1273044,2008 GENERAL,A,6,2008
960,"HANNAN, TIMOTHY J.",1304723,2008 GENERAL,A,6,2008
961,"LAVERY, PAUL",1305507,2008 GENERAL,A,6,2008
962,"EVANS, NOREEN M.",1227859,2008 GENERAL,A,7,2008
963,"GENTRY, DORIS L.",1304912,2008 GENERAL,A,7,2008
964,"YAMADA, MARIKO M.",1295701,2008 GENERAL,A,8,2008
965,"COSME, MANUEL",1304497,2008 GENERAL,A,8,2008
966,"JONES, DAVE",1224542,2008 GENERAL,A,9,2008
967,"CURRINGTON, MALI D.",1302697,2008 GENERAL,A,9,2008
968,"FRINK, GERALD ALLEN",1304319,2008 GENERAL,A,9,2008
969,"HUBER, ALYSON",1297647,2008 GENERAL,A,10,2008
970,"SIEGLOCK, JACK A.",1296571,2008 GENERAL,A,10,2008
971,"BONSER, JANICE M.",1282162,2008 GENERAL,A,10,2008
972,"TORLAKSON, TOM",1004711,2008 GENERAL,A,11,2008
973,"HANSEN, ELIZABETH R.",1304923,2008 GENERAL,A,11,2008
974,"MA, FIONA",1261661,2008 GENERAL,A,12,2008
975,"APPLEGATE, CONCHITA N.",1304645,2008 GENERAL,A,12,2008
976,"AMMIANO, TOM",1290517,2008 GENERAL,A,13,2008
977,"DHILLON, HARMEET K.",1304545,2008 GENERAL,A,13,2008
978,"SKINNER, NANCY",1303644,2008 GENERAL,A,14,2008
979,"BUCHANAN, JOAN",1299400,2008 GENERAL,A,15,2008
980,"WILSON, ABRAM",1298171,2008 GENERAL,A,15,2008
981,"SWANSON, SANDRE",1268691,2008 GENERAL,A,16,2008
982,"FAISON, JAMES",1309227,2008 GENERAL,A,16,2008
983,"GALGIANI, CATHLEEN",1273495,2008 GENERAL,A,17,2008
984,"MOBLEY JR., JACK M.",1294243,2008 GENERAL,A,17,2008
985,"HAYASHI, MARY",1266779,2008 GENERAL,A,18,2008
986,"FILIPOVICH, LOU",1285065,2008 GENERAL,A,18,2008
987,"HILL, JERRY A.",1290757,2008 GENERAL,A,19,2008
988,"BRINKMAN, CATHERINE S.",1260444,2008 GENERAL,A,19,2008
989,"PERRY, BRIAN A.",1304540,2008 GENERAL,A,19,2008
990,"TORRICO, ALBERTO",1253526,2008 GENERAL,A,20,2008
991,"WALD, JEFFREY",1305508,2008 GENERAL,A,20,2008
992,"RUSKIN, IRA",1252810,2008 GENERAL,A,21,2008
993,"YENNE, ANNALISA M.",1304703,2008 GENERAL,A,21,2008
994,"FONG, PAUL",1296276,2008 GENERAL,A,22,2008
995,"OYA, BRENT T.",1304811,2008 GENERAL,A,22,2008
996,"COTO, JOE",1253525,2008 GENERAL,A,23,2008
997,"PATROSSO, MARK",1261344,2008 GENERAL,A,23,2008
998,"BEALL, JIM",1251768,2008 GENERAL,A,24,2008
999,"MC NEA, DOUGLAS A.",1277170,2008 GENERAL,A,24,2008
1000,"BERRYHILL, TOM",1294245,2008 GENERAL,A,25,2008
1001,"WHITE, TAYLOR G.",1304803,2008 GENERAL,A,25,2008
1002,"BERRYHILL, WILLIAM R.",1291444,2008 GENERAL,A,26,2008
1003,"EISENHUT, JOHN",1304607,2008 GENERAL,A,26,2008
1004,"MONNING, WILLIAM W.",1297947,2008 GENERAL,A,27,2008
1005,"HINKLE, MARK W. A.",1305066,2008 GENERAL,A,27,2008
1006,"MURRAY, ROBERT",1305335,2008 GENERAL,A,27,2008
1007,"CABALLERO, ANNA",1282323,2008 GENERAL,A,28,2008
1008,"VILLINES, MICHAEL N.",1255183,2008 GENERAL,A,29,2008
1009,"AVILA, HUMBERTO",1305076,2008 GENERAL,A,29,2008
1010,"FLOREZ, FRAN",1227860,2008 GENERAL,A,30,2008
1011,"GILMORE, DANNY D.",1283919,2008 GENERAL,A,30,2008
1012,"ARAMBULA, JUAN",1250945,2008 GENERAL,A,31,2008
1013,"ARCHER, CLIFF",1305077,2008 GENERAL,A,31,2008
1014,"FULLER, JEAN",1284988,2008 GENERAL,A,32,2008
1015,"MARTINEZ, VIRGINIA",1305510,2008 GENERAL,A,32,2008
1016,"BLAKESLEE, SAM",1234847,2008 GENERAL,A,33,2008
1017,"CUTHBERT, ROBERT",1227104,2008 GENERAL,A,33,2008
1018,"CONWAY, CONNIE",1224866,2008 GENERAL,A,34,2008
1019,"FARRELLY, DESMOND",1285047,2008 GENERAL,A,34,2008
1020,"NAVA, PEDRO I.",1237583,2008 GENERAL,A,35,2008
1021,"GANDRUD, GREGORY",1227016,2008 GENERAL,A,35,2008
1022,"JONES, LINDA K.",1302094,2008 GENERAL,A,36,2008
1023,"KNIGHT, STEVE",1295329,2008 GENERAL,A,36,2008
1024,"MASRY, FERIAL",1262087,2008 GENERAL,A,37,2008
1025,"STRICKLAND, AUDRA",1251045,2008 GENERAL,A,37,2008
1026,"LUTNESS, CAROLE L.",1304206,2008 GENERAL,A,38,2008
1027,"SMYTH, CAMERON",1277161,2008 GENERAL,A,38,2008
1028,"FUENTES, FELIPE",1295035,2008 GENERAL,A,39,2008
1029,"LINDBLAD, JOHN P. (JACK)",1304355,2008 GENERAL,A,39,2008
1030,"MARTINE, GRADY O.",1304604,2008 GENERAL,A,39,2008
1031,"BLUMENFIELD, BOB",1295328,2008 GENERAL,A,40,2008
1032,"BROWN, PAMELA J.",1284930,2008 GENERAL,A,40,2008
1033,"CHELEBIAN, ARMINEH",1283313,2008 GENERAL,A,40,2008
1034,"BROWNLEY, JULIA",1272017,2008 GENERAL,A,41,2008
1035,"BERNSLEY, MARK",1303821,2008 GENERAL,A,41,2008
1036,"FEUER, MICHAEL NELSON",1257933,2008 GENERAL,A,42,2008
1037,"SION, STEVEN MARK",1283473,2008 GENERAL,A,42,2008
1038,"KREKORIAN, PAUL",1005796,2008 GENERAL,A,43,2008
1039,"BARNETT, JANE",1304817,2008 GENERAL,A,43,2008
1040,"PORTANTINO, ANTHONY",1267043,2008 GENERAL,A,44,2008
1041,"FULLER, BRIAN M.",1304546,2008 GENERAL,A,44,2008
1042,"LOGAN, THOMAS D.",1304618,2008 GENERAL,A,44,2008
1043,"DE LEON, KEVIN",1263266,2008 GENERAL,A,45,2008
1044,"ALEXANDER, PHILLIP",1305511,2008 GENERAL,A,45,2008
1045,"ALDANA JR., MANUEL",1239991,2008 GENERAL,A,46,2008
1046,"PEREZ, JOHN A.",1304250,2008 GENERAL,A,46,2008
1047,"BASS, KAREN",1259008,2008 GENERAL,A,47,2008
1048,"CAGE, LADY",1304254,2008 GENERAL,A,47,2008
1049,"DAVIS, MIKE",1277329,2008 GENERAL,A,48,2008
1050,"ESGUERRA, LUCILLA M.",1304816,2008 GENERAL,A,48,2008
1051,"ENG, MICHAEL",1275685,2008 GENERAL,A,49,2008
1052,"SIEGRIST, ESTHELA G.",1284414,2008 GENERAL,A,49,2008
1053,"DE LA TORRE, HECTOR",1253966,2008 GENERAL,A,50,2008
1054,"PRICE, CURREN D.",1005748,2008 GENERAL,A,51,2008
1055,"POLLACK, MAURICE I",1304756,2008 GENERAL,A,51,2008
1056,"SWINNEY, CARL M. ""MARTY""",1001090,2008 GENERAL,A,51,2008
1057,"HALL, ISADORE",1276161,2008 GENERAL,A,52,2008
1058,"PATRICK, GWEN (BATISTE)",1305224,2008 GENERAL,A,52,2008
1059,"LIEU, TED",1277958,2008 GENERAL,A,53,2008
1060,"VIDAL, THOMAS H.",1303629,2008 GENERAL,A,53,2008
1061,"HOLT, GABRIELLA S.",1301599,2008 GENERAL,A,54,2008
1062,"LOWENTHAL, BONNIE",1297235,2008 GENERAL,A,54,2008
1063,"KLING, JOHN WM.",1304805,2008 GENERAL,A,54,2008
1064,"FURUTANI, WARREN",1265441,2008 GENERAL,A,55,2008
1065,"WILLIAMS, EDWIN R.",1305141,2008 GENERAL,A,55,2008
1066,"MENDOZA, TONY",1238223,2008 GENERAL,A,56,2008
1067,"GARRETT, ROGER H.",1305512,2008 GENERAL,A,56,2008
1068,"HERNANDEZ, EDWARD P.",1266775,2008 GENERAL,A,57,2008
1069,"SALDANA, VICTOR",1305288,2008 GENERAL,A,57,2008
1070,"CALDERON, CHARLES M.",1001590,2008 GENERAL,A,58,2008
1071,"GETINO, CARLOS A.",1304802,2008 GENERAL,A,58,2008
1072,"ADAMS, ANTHONY",1273674,2008 GENERAL,A,59,2008
1073,"KEEDY, MAUREEN K.",1260648,2008 GENERAL,A,59,2008
1074,"WILLIAMSON, DONALD E.",1305084,2008 GENERAL,A,59,2008
1075,"HAGMAN, CURT",1297723,2008 GENERAL,A,60,2008
1076,"SINGER, DIANE",1304515,2008 GENERAL,A,60,2008
1077,"TORRES, NORMA",1226719,2008 GENERAL,A,61,2008
1078,"MAIER, WENDY A.",1305513,2008 GENERAL,A,61,2008
1079,"MENDEZ, MICHAEL",1302757,2008 GENERAL,A,61,2008
1080,"CARTER, WILMER AMINA",1281998,2008 GENERAL,A,62,2008
1081,"EMMERSON, BILL",1261353,2008 GENERAL,A,63,2008
1082,"WESTWOOD, MARK DAVID",1282138,2008 GENERAL,A,63,2008
1083,"NESTANDE, BRIAN",1301731,2008 GENERAL,A,64,2008
1084,"COOK, PAUL J.",1277238,2008 GENERAL,A,65,2008
1085,"WOOD, CARL W.",1302484,2008 GENERAL,A,65,2008
1086,"FRANDSEN, GREY",1304682,2008 GENERAL,A,66,2008
1087,"JEFFRIES, KEVIN D.",1274283,2008 GENERAL,A,66,2008
1088,"BLOUNT, STEVE",1304218,2008 GENERAL,A,67,2008
1089,"SILVA, JAMES W.",1241308,2008 GENERAL,A,67,2008
1090,"ARNOLD, KEN",1305220,2008 GENERAL,A,68,2008
1091,"TRAN, VAN",1228283,2008 GENERAL,A,68,2008
1092,"SOLORIO, JOSE",1279123,2008 GENERAL,A,69,2008
1093,"MANGELS, CAMERON M.",1305516,2008 GENERAL,A,69,2008
1094,"DE VORE, CHARLES S.",1254089,2008 GENERAL,A,70,2008
1095,"GLOVER, MICHAEL G.",1283593,2008 GENERAL,A,70,2008
1096,"MILLER, JEFF",1224578,2008 GENERAL,A,71,2008
1097,"DUVALL, MIKE",1226871,2008 GENERAL,A,72,2008
1098,"MAC MURRAY, JOHN P.",1281802,2008 GENERAL,A,72,2008
1099,"HARKEY, DIANE",1281241,2008 GENERAL,A,73,2008
1100,"JONES, JUDITH E.",1286487,2008 GENERAL,A,73,2008
1101,"FAVOR, ANDREW H.",1260783,2008 GENERAL,A,73,2008
1102,"GARRICK, MARTIN W.",1274189,2008 GENERAL,A,74,2008
1103,"KING, PAUL",1305081,2008 GENERAL,A,74,2008
1104,"MAXFIELD, BRETT DEFOREST",1305520,2008 GENERAL,A,74,2008
1105,"FLETCHER, NATHAN B.",1281232,2008 GENERAL,A,75,2008
1106,"KASAI, DARREN",1302960,2008 GENERAL,A,75,2008
1108,"DENNEY, RALPH",1281914,2008 GENERAL,A,76,2008
1109,"SALDANA, LORI",1252223,2008 GENERAL,A,76,2008
1110,"BAEHR, DANIEL H.",1305521,2008 GENERAL,A,76,2008
1111,"ANDERSON, JOEL C.",1004048,2008 GENERAL,A,77,2008
1112,"BELITZ, RICHARD G.",1283090,2008 GENERAL,A,77,2008
1113,"LUTZ, RAYMOND C.",1305082,2008 GENERAL,A,77,2008
1114,"BLOCK, MARTY J.",1294014,2008 GENERAL,A,78,2008
1115,"MC CANN, JOHN",1295491,2008 GENERAL,A,78,2008
1116,"ROACH, DERRICK",1305524,2008 GENERAL,A,79,2008
1117,"SALAS, MARY H.",1276162,2008 GENERAL,A,79,2008
1118,"JEANDRON, GARY",1294051,2008 GENERAL,A,80,2008
1119,"PEREZ, V. MANUEL",1304928,2008 GENERAL,A,80,2008
1176,"WIGGINS, PATRICIA ANN",1005196,2006 GENERAL,S,2,2006
1177,"WIESNER, LAWRENCE R.",1282695,2006 GENERAL,S,2,2006
1178,"AANESTAD, SAMUEL M.",1003707,2006 GENERAL,S,4,2006
1179,"MUNROE, TONY",1285064,2006 GENERAL,S,4,2006
1180,"SINGH, PAUL R.",1284906,2006 GENERAL,S,4,2006
1181,"VIZZARD, ROBERT WELLS",1284530,2006 GENERAL,S,4,2006
1182,"STEINBERG, DARRELL",1005223,2006 GENERAL,S,6,2006
1183,"GARBEROGLIO, ALANA N.",1284999,2006 GENERAL,S,6,2006
1184,"GREEN JR., PAUL ROBINSON",1225927,2006 GENERAL,S,6,2006
1185,"WEBER, C.T.",1256657,2006 GENERAL,S,6,2006
1186,"SKIPAKEVICH, MICHAEL",1283835,2006 GENERAL,S,8,2006
1187,"YEE, LELAND Y.",1226856,2006 GENERAL,S,8,2006
1188,"CORBETT, ELLEN",1005551,2006 GENERAL,S,10,2006
1189,"FILIPOVICH, LOU",1285065,2006 GENERAL,S,10,2006
1190,"DENHAM, JEFF",1005706,2006 GENERAL,S,12,2006
1191,"NICKEL III, GEORGE W.",1281915,2006 GENERAL,S,12,2006
1192,"COGDILL, DAVID E.",1005678,2006 GENERAL,S,14,2006
1193,"FIRCH, WESLEY W.",1241117,2006 GENERAL,S,14,2006
1194,"FLOREZ, DEAN",1005244,2006 GENERAL,S,16,2006
1195,"ASHBURN, ROY",1004828,2006 GENERAL,S,18,2006
1196,"DAVIS, FRED B.",1285066,2006 GENERAL,S,18,2006
1197,"RICK, MATTHEW",1285067,2006 GENERAL,S,18,2006
1198,"PADILLA, ALEX",1278243,2006 GENERAL,S,20,2006
1199,"BROWN, PAMELA J.",1284930,2006 GENERAL,S,20,2006
1200,"CEDILLO, GILBERT",1005224,2006 GENERAL,S,22,2006
1201,"LEVY, MURRAY",1281993,2006 GENERAL,S,22,2006
1202,"TEN, MIKE",1276307,2006 GENERAL,S,22,2006
1203,"ROMERO, GLORIA",1005525,2006 GENERAL,S,24,2006
1204,"CARVER, ROBERT W.",1284425,2006 GENERAL,S,24,2006
1205,"RIDLEY-THOMAS, MARK",1240873,2006 GENERAL,S,26,2006
1206,"RAYMOND, BUD F.",1282679,2006 GENERAL,S,26,2006
1207,"OROPEZA, JENNY",1005665,2006 GENERAL,S,28,2006
1208,"DE BAETS, PETER D.",1241490,2006 GENERAL,S,28,2006
1209,"LIDDLE, CHERRYL",1284420,2006 GENERAL,S,28,2006
1210,"CALDERON, RONALD",1235391,2006 GENERAL,S,30,2006
1211,"MINERD, SELMA",1289812,2006 GENERAL,S,30,2006
1212,"MC LEOD, GLORIA NEGRETE",1005234,2006 GENERAL,S,32,2006
1213,"CORREA, LOU",1004849,2006 GENERAL,S,34,2006
1214,"DAUCHER, LYNN",1005667,2006 GENERAL,S,34,2006
1215,"HANSON, MARK N.",1284728,2006 GENERAL,S,36,2006
1216,"HOLLINGSWORTH, DENNIS",1005700,2006 GENERAL,S,36,2006
1217,"SHEA, JOE B.",1282282,2006 GENERAL,S,36,2006
1218,"WYLAND, MARK B.",1005714,2006 GENERAL,S,38,2006
1219,"KLEA, BRIAN A.",1285069,2006 GENERAL,S,38,2006
1220,"DUCHENY, DENISE MORENO",1004297,2006 GENERAL,S,40,2006
1221,"THOMAS, JESSE",1285070,2006 GENERAL,S,40,2006
1222,"WALDEN, DAVID K.",1275476,2006 GENERAL,S,40,2006
1223,"BERG, PATTY",1233578,2006 GENERAL,A,1,2006
1224,"REED, THOMAS T.",1282273,2006 GENERAL,A,1,2006
1225,"TYRONE, RAY",1260645,2006 GENERAL,A,1,2006
1226,"LA MALFA, DOUG",1239935,2006 GENERAL,A,2,2006
1227,"SMITH, MEL",1285044,2006 GENERAL,A,2,2006
1228,"DYNAN, PHILIP E.",1282692,2006 GENERAL,A,2,2006
1229,"HARRINGTON, MICHAEL ""MICKEY""",1283210,2006 GENERAL,A,3,2006
1230,"KEENE, RICHARD J.",1239063,2006 GENERAL,A,3,2006
1231,"GAINES, EDWARD T",1265444,2006 GENERAL,A,4,2006
1232,"HASWELL, ROB",1278514,2006 GENERAL,A,4,2006
1233,"FRITTS, GERALD M.",1283110,2006 GENERAL,A,4,2006
1234,"MURPHY, MICHAEL PATRICK",1281532,2006 GENERAL,A,4,2006
1235,"NIELLO, ROGER",1251659,2006 GENERAL,A,5,2006
1236,"BELL, BRANDON R.",1284925,2006 GENERAL,A,5,2006
1237,"LOPEZ, MICHAEL",1282328,2006 GENERAL,A,5,2006
1238,"HUFFMAN, JARED",1273044,2006 GENERAL,A,6,2006
1239,"HARTNETT, MICHAEL",1284148,2006 GENERAL,A,6,2006
1240,"OLMSTEAD, RICHARD",1220759,2006 GENERAL,A,6,2006
1241,"WOODS, CAT",1282324,2006 GENERAL,A,6,2006
1242,"EVANS, NOREEN M.",1227859,2006 GENERAL,A,7,2006
1243,"GOULD, JOHN S.",1283085,2006 GENERAL,A,8,2006
1244,"WOLK, LOIS",1235630,2006 GENERAL,A,8,2006
1245,"JONES, DAVE",1224542,2006 GENERAL,A,9,2006
1246,"CHAN, WILLIAM",1284163,2006 GENERAL,A,9,2006
1247,"COOK, COLONEL JIM A.",1262906,2006 GENERAL,A,10,2006
1248,"NAKANISHI, ALAN S.",1005260,2006 GENERAL,A,10,2006
1249,"BONSER, JANICE M.",1282162,2006 GENERAL,A,10,2006
1250,"TROYER, ALBERT",1282326,2006 GENERAL,A,10,2006
1251,"DE SAULNIER, MARK",1236046,2006 GENERAL,A,11,2006
1252,"NOTT, CORY M.",1282100,2006 GENERAL,A,11,2006
1253,"SIMONSEN, ARNE",1284329,2006 GENERAL,A,11,2006
1254,"MA, FIONA",1261661,2006 GENERAL,A,12,2006
1255,"EPSTEIN, HOWARD",1004958,2006 GENERAL,A,12,2006
1256,"HERMANSON, BARRY",1280807,2006 GENERAL,A,12,2006
1257,"LENO, MARK",1226645,2006 GENERAL,A,13,2006
1258,"MALDONADO JR., RAMIRO",1284286,2006 GENERAL,A,13,2006
1259,"HANCOCK, LONI",1238901,2006 GENERAL,A,14,2006
1260,"WOLF, LEIGH N.",1284939,2006 GENERAL,A,14,2006
1261,"COLEMAN, TERRY",1279253,2006 GENERAL,A,15,2006
1262,"HOUSTON, GUY",1226434,2006 GENERAL,A,15,2006
1263,"SWANSON, SANDRE",1268691,2006 GENERAL,A,16,2006
1264,"YTUARTE, EDWARD",1278104,2006 GENERAL,A,16,2006
1265,"GALGIANI, CATHLEEN",1273495,2006 GENERAL,A,17,2006
1266,"MACHADO, GERARD J.",1005658,2006 GENERAL,A,17,2006
1267,"BUCK, JILL ANN",1284549,2006 GENERAL,A,18,2006
1268,"HAYASHI, MARY",1266779,2006 GENERAL,A,18,2006
1269,"MULLIN, GENE R.",1239028,2006 GENERAL,A,19,2006
1270,"GUFLER, ELSIE",1284287,2006 GENERAL,A,19,2006
1271,"TORRICO, ALBERTO",1253526,2006 GENERAL,A,20,2006
1272,"NISHIMURA, KEN A.",1284927,2006 GENERAL,A,20,2006
1273,"KIRALY, VIRGINIA C.",1284085,2006 GENERAL,A,21,2006
1274,"RUSKIN, IRA",1252810,2006 GENERAL,A,21,2006
1275,"LIEBER, SALLY",1231723,2006 GENERAL,A,22,2006
1276,"RIFFENBURGH, ROGER RALPH",1224853,2006 GENERAL,A,22,2006
1277,"COTO, JOE",1253525,2006 GENERAL,A,23,2006
1278,"PATROSSO, MARK",1261344,2006 GENERAL,A,23,2006
1279,"BEALL, JIM",1251768,2006 GENERAL,A,24,2006
1280,"HILEMAN, LAWRENCE R.",1283830,2006 GENERAL,A,24,2006
1281,"SILVA, LIONEL H.",1282241,2006 GENERAL,A,24,2006
1282,"BERRYHILL, TOM",1254687,2006 GENERAL,A,25,2006
1283,"BUFFORD, JAMES LEX",1284102,2006 GENERAL,A,25,2006
1284,"DELL'ORTO, MICHAEL RAY",1274437,2006 GENERAL,A,25,2006
1285,"AGHAZARIAN, GREG",1005692,2006 GENERAL,A,26,2006
1286,"GOEKEN, KENNETH J.",1284932,2006 GENERAL,A,26,2006
1287,"LAIRD, JOHN S.",1226901,2006 GENERAL,A,27,2006
1288,"MORRISON, COLIN M.",1231714,2006 GENERAL,A,27,2006
1289,"CABALLERO, ANNA",1282323,2006 GENERAL,A,28,2006
1290,"VELAZQUEZ, IGNACIO",1282084,2006 GENERAL,A,28,2006
1291,"VILLINES, MICHAEL N.",1255183,2006 GENERAL,A,29,2006
1292,"CROCKFORD, JOHN",1259656,2006 GENERAL,A,29,2006
1293,"ZWICKEL, JONATHAN IRA",098224,2006 GENERAL,A,29,2006
1294,"GILMORE, DANNY D.",1283919,2006 GENERAL,A,30,2006
1295,"PARRA, NICOLE",1234191,2006 GENERAL,A,30,2006
1296,"ARAMBULA, JUAN",1250945,2006 GENERAL,A,31,2006
1297,"FULLER, JEAN",1284988,2006 GENERAL,A,32,2006
1298,"VEGA, MARIBEL",1285046,2006 GENERAL,A,32,2006
1299,"BLAKESLEE, SAM",1234847,2006 GENERAL,A,33,2006
1300,"CUTHBERT, ROBERT",1227104,2006 GENERAL,A,33,2006
1301,"MAZE, BILL",1005213,2006 GENERAL,A,34,2006
1302,"FARRELLY, DESMOND",1285047,2006 GENERAL,A,34,2006
1303,"SILVA, DAVID MINTON",1285048,2006 GENERAL,A,34,2006
1304,"NAVA, PEDRO I.",1237583,2006 GENERAL,A,35,2006
1305,"MARTIN, CRISTINA CARRENO",1249480,2006 GENERAL,A,35,2006
1306,"RUNNER, SHARON",1238644,2006 GENERAL,A,36,2006
1307,"BYNUM, ROBERT ""BO""",1284411,2006 GENERAL,A,36,2006
1308,"MASRY, FERIAL",1262087,2006 GENERAL,A,37,2006
1309,"STRICKLAND, AUDRA",1251045,2006 GENERAL,A,37,2006
1310,"SHAW, LYN",1280171,2006 GENERAL,A,38,2006
1311,"SMYTH, CAMERON",1277161,2006 GENERAL,A,38,2006
1312,"CHRISTENSEN, PEGGY L.",1284072,2006 GENERAL,A,38,2006
1313,"ALARCON, RICHARD",1256876,2006 GENERAL,A,39,2006
1314,"LEVINE, LLOYD",1233568,2006 GENERAL,A,40,2006
1315,"MONTAINE, RICHARD E.",1282325,2006 GENERAL,A,40,2006
1316,"BROWNLEY, JULIA",1272017,2006 GENERAL,A,41,2006
1317,"DOLZ, TONY",1284446,2006 GENERAL,A,41,2006
1318,"FRANKOWSKI, CONRAD S.",1284924,2006 GENERAL,A,41,2006
1319,"FEUER, MICHAEL NELSON",1257933,2006 GENERAL,A,42,2006
1320,"GOLDMAN, COLIN S.",1220808,2006 GENERAL,A,42,2006
1321,"SION, STEVEN MARK",1283473,2006 GENERAL,A,42,2006
1322,"KREKORIAN, PAUL",1005796,2006 GENERAL,A,43,2006
1323,"AGBABA, MICHAEL M.",1252274,2006 GENERAL,A,43,2006
1324,"MYERS, STEVEN A.",1284935,2006 GENERAL,A,43,2006
1325,"PORTANTINO, ANTHONY",1267043,2006 GENERAL,A,44,2006
1326,"CARWILE, SCOTT",1284409,2006 GENERAL,A,44,2006
1327,"COSTA, RICARDO M.",1283597,2006 GENERAL,A,44,2006
1328,"YANAGA, BARRON T.",1284221,2006 GENERAL,A,44,2006
1329,"ALLEN-NEWMAN, SAMANTHA",1284741,2006 GENERAL,A,45,2006
1330,"DE LEON, KEVIN",1263266,2006 GENERAL,A,45,2006
1331,"NUNEZ, FABIAN",1238937,2006 GENERAL,A,46,2006
1332,"BASS, KAREN",1259008,2006 GENERAL,A,47,2006
1333,"DODGE, JEFFERS MAC ARTHUR",1282662,2006 GENERAL,A,47,2006
1334,"DAVIS, MIKE",1277329,2006 GENERAL,A,48,2006
1335,"GREEN, BRENDA CAROL",1261003,2006 GENERAL,A,48,2006
1336,"ENG, MICHAEL",1275685,2006 GENERAL,A,49,2006
1337,"BROWN, LAURA G.",1260840,2006 GENERAL,A,49,2006
1338,"SIEGRIST, ESTHELA G.",1284414,2006 GENERAL,A,49,2006
1339,"DE LA TORRE, HECTOR",1253966,2006 GENERAL,A,50,2006
1340,"MILLER, GLADYS O.",1240642,2006 GENERAL,A,50,2006
1341,"PRICE, CURREN D.",1005748,2006 GENERAL,A,51,2006
1342,"MOEN, ROSS",1284418,2006 GENERAL,A,51,2006
1343,"SWINNEY, CARL M. ""MARTY""",1001090,2006 GENERAL,A,51,2006
1344,"DYMALLY, MERVYN M.",1238979,2006 GENERAL,A,52,2006
1345,"FORD, MARY JO",1278268,2006 GENERAL,A,53,2006
1346,"LIEU, TED",1277958,2006 GENERAL,A,53,2006
1347,"THOTTAM, PETER L.",1285049,2006 GENERAL,A,53,2006
1348,"ABRAMS, KARL",1284421,2006 GENERAL,A,53,2006
1349,"JACKSON, MICHAEL A.",1256547,2006 GENERAL,A,54,2006
1350,"KARNETTE, BETTY",1003821,2006 GENERAL,A,54,2006
1351,"RICHARDSON, LAURA",1272529,2006 GENERAL,A,55,2006
1352,"UNDERHILL, MARGHERITA",1243576,2006 GENERAL,A,55,2006
1353,"HU, GRACE",1283474,2006 GENERAL,A,56,2006
1354,"MENDOZA, TONY",1238223,2006 GENERAL,A,56,2006
1355,"HERNANDEZ, EDWARD P.",1266775,2006 GENERAL,A,57,2006
1356,"CARVER, HOLLY E.",1226394,2006 GENERAL,A,57,2006
1357,"CALDERON, CHARLES M.",1001590,2006 GENERAL,A,58,2006
1358,"KLEINPELL, JIM",1005022,2006 GENERAL,A,58,2006
1359,"ADAMS, ANTHONY",1273674,2006 GENERAL,A,59,2006
1360,"BARKAN, ELLIOTT ROBERT",1284224,2006 GENERAL,A,59,2006
1361,"STONE, JILL K.",1282278,2006 GENERAL,A,59,2006
1362,"HUFF, ROBERT 'BOB'",1005380,2006 GENERAL,A,60,2006
1363,"TAMOM, VANNARITH THOMAS",1278642,2006 GENERAL,A,60,2006
1364,"SOTO, NELL",1005200,2006 GENERAL,A,61,2006
1365,"LOPEZ, BENJAMIN I.",1284292,2006 GENERAL,A,61,2006
1366,"CARTER, WILMER AMINA",1281998,2006 GENERAL,A,62,2006
1367,"MENDOZA-WARE, MARGE",1253675,2006 GENERAL,A,62,2006
1368,"EMMERSON, BILL",1261353,2006 GENERAL,A,63,2006
1369,"WESTWOOD, MARK DAVID",1282138,2006 GENERAL,A,63,2006
1370,"BENOIT, JOHN J.",1240093,2006 GENERAL,A,64,2006
1371,"RASSO, PAUL M.",1275503,2006 GENERAL,A,64,2006
1372,"COOK, PAUL J.",1277238,2006 GENERAL,A,65,2006
1373,"RAMIREZ-DEAN, RITA",1256160,2006 GENERAL,A,65,2006
1374,"TALEB, JON",1285051,2006 GENERAL,A,65,2006
1375,"JEFFRIES, KEVIN D.",1274283,2006 GENERAL,A,66,2006
1376,"NICHOLSON, LAUREL A.",1253533,2006 GENERAL,A,66,2006
1377,"SILVA, JAMES W.",1241308,2006 GENERAL,A,67,2006
1378,"ROBERTS, RAYMOND L.",1283832,2006 GENERAL,A,67,2006
1379,"TRAN, VAN",1228283,2006 GENERAL,A,68,2006
1380,"LUCAS, PAUL",1284431,2006 GENERAL,A,68,2006
1381,"SOLORIO, JOSE",1279123,2006 GENERAL,A,69,2006
1382,"WILLIAMS, RYAN GENE",1282233,2006 GENERAL,A,69,2006
1383,"DE VORE, CHARLES S.",1254089,2006 GENERAL,A,70,2006
1384,"GLOVER, MICHAEL G.",1283593,2006 GENERAL,A,70,2006
1385,"SPITZER, TODD",1230744,2006 GENERAL,A,71,2006
1386,"LA CHANCE, IRENE",1285475,2006 GENERAL,A,71,2006
1387,"DUVALL, MIKE",1226871,2006 GENERAL,A,72,2006
1388,"MAC MURRAY, JOHN P.",1281802,2006 GENERAL,A,72,2006
1389,"CROSS, BRIAN LEE",1220844,2006 GENERAL,A,72,2006
1390,"FAVOR, ANDREW H.",1260783,2006 GENERAL,A,73,2006
1391,"GARRICK, MARTIN W.",1274189,2006 GENERAL,A,74,2006
1392,"FOLESCU, ROXANA",1283117,2006 GENERAL,A,74,2006
1393,"PLESCIA, GEORGE A.",1240145,2006 GENERAL,A,75,2006
1394,"MEYER, SCOTT",1276754,2006 GENERAL,A,75,2006
1395,"TEYSSIER, EDWARD M.",1285053,2006 GENERAL,A,75,2006
1396,"DENNEY, RALPH",1281914,2006 GENERAL,A,76,2006
1397,"SALDANA, LORI",1252223,2006 GENERAL,A,76,2006
1398,"ANDERSON, JOEL C.",1004048,2006 GENERAL,A,77,2006
1399,"BELITZ, RICHARD G.",1283090,2006 GENERAL,A,77,2006
1400,"LARKIN, CHRISTOPHER",1259469,2006 GENERAL,A,77,2006
1401,"HORTON, SHIRLEY",1240526,2006 GENERAL,A,78,2006
1402,"SHERARD, MAXINE J.",1241244,2006 GENERAL,A,78,2006
1403,"GIBSON, GEOF C.",1283086,2006 GENERAL,A,78,2006
1404,"ROESCH, JEAN DR.",1283591,2006 GENERAL,A,79,2006
1405,"SALAS, MARY H.",1276162,2006 GENERAL,A,79,2006
1406,"CLUTE, STEVE W.",1278271,2006 GENERAL,A,80,2006
1407,"GARCIA, BONNIE",1240067,2006 GENERAL,A,80,2006
1408,"COX, DAVE",1004452,2004 GENERAL,S,1,2004
1409,"MC DONALD, KRISTINE L.",1260595,2004 GENERAL,S,1,2004
1410,"LEIBMAN, ROBERTO",1240184,2004 GENERAL,S,1,2004
1411,"MIGDEN, CAROLE",1005175,2004 GENERAL,S,3,2004
1412,"FELDER, ANDREW",1260406,2004 GENERAL,S,3,2004
1413,"GRIMES, IAN J.",1260842,2004 GENERAL,S,3,2004
1414,"RHODES, DAVID",1261357,2004 GENERAL,S,3,2004
1415,"MACHADO, MICHAEL J.",1003830,2004 GENERAL,S,5,2004
1416,"PODESTO, GARY",1256414,2004 GENERAL,S,5,2004
1417,"TORLAKSON, TOM",1004711,2004 GENERAL,S,7,2004
1418,"DEUTSCHE, PATRICIA A.",1260636,2004 GENERAL,S,9,2004
1419,"PERATA, DON",1005184,2004 GENERAL,S,9,2004
1420,"CONDIT, TOM",1000647,2004 GENERAL,S,9,2004
1421,"VON PINNON, PETER J.",1260841,2004 GENERAL,S,9,2004
1422,"SIMITIAN, S. JOSEPH",1004819,2004 GENERAL,S,11,2004
1423,"RICE, ALLEN M.",1260457,2004 GENERAL,S,11,2004
1424,"ZELLHOEFER, JON W.",1257027,2004 GENERAL,S,11,2004
1425,"ALQUIST, ELAINE",1004827,2004 GENERAL,S,13,2004
1426,"CONNOLLY, SHANE PATRICK",1260437,2004 GENERAL,S,13,2004
1427,"WEBSTER, JOHN H.",1260402,2004 GENERAL,S,13,2004
1428,"MALDONADO, ABEL",1005389,2004 GENERAL,S,15,2004
1429,"PINARD, MARGARET ANN",1260404,2004 GENERAL,S,15,2004
1430,"MADSEN, RYEN BROOK JUDE",1260619,2004 GENERAL,S,15,2004
1431,"RUNNER, GEORGE C.",1005399,2004 GENERAL,S,17,2004
1432,"BALLARD, JOHN",1260441,2004 GENERAL,S,17,2004
1433,"KRAUT, JONATHAN DANIEL",1261358,2004 GENERAL,S,17,2004
1434,"MC CLINTOCK, THOMAS",1001573,2004 GENERAL,S,19,2004
1435,"GRABER, PAUL J.",1260644,2004 GENERAL,S,19,2004
1436,"SCOTT, JACK",1004873,2004 GENERAL,S,21,2004
1437,"NEW, BOB",1005119,2004 GENERAL,S,21,2004
1438,"KUEHL, SHEILA J.",1004301,2004 GENERAL,S,23,2004
1439,"GOLDMAN, COLIN S.",1220808,2004 GENERAL,S,23,2004
1440,"LANZI, LEONARD MICHAEL",1260442,2004 GENERAL,S,23,2004
1441,"VINCENT, EDWARD",1004240,2004 GENERAL,S,25,2004
1442,"OGDEN, DALE F.",1005495,2004 GENERAL,S,25,2004
1443,"SPENCER, JAMES A.",1261010,2004 GENERAL,S,25,2004
1444,"CASTELLANOS, CESAR N.",1241076,2004 GENERAL,S,27,2004
1445,"LOWENTHAL, ALAN",1005392,2004 GENERAL,S,27,2004
1446,"MARGETT, ROBERT",1004700,2004 GENERAL,S,29,2004
1447,"BAUTISTA, RUFINO M.",1260998,2004 GENERAL,S,29,2004
1448,"FERNANDES, FRED D.",1260849,2004 GENERAL,S,29,2004
1449,"DUTTON, BOB",1233959,2004 GENERAL,S,31,2004
1450,"MIKELS, MARJORIE M.",1260421,2004 GENERAL,S,31,2004
1451,"ACKERMAN, RICHARD",1004825,2004 GENERAL,S,33,2004
1452,"DAUGHERTY, RANDALL A.",1260647,2004 GENERAL,S,33,2004
1453,"CAMPBELL, JOHN B.T.",1005647,2004 GENERAL,S,35,2004
1455,"SIEBERT, RITA B.",1261359,2004 GENERAL,S,35,2004
1456,"BATTIN JR., JAMES F.",1004831,2004 GENERAL,S,37,2004
1457,"JOHANSEN, PATRICIA ANN",1261016,2004 GENERAL,S,37,2004
1458,"KEHOE, CHRISTINE",1005669,2004 GENERAL,S,39,2004
1459,"STIRLING, LARRY",1001128,2004 GENERAL,S,39,2004
1461,"BERG, PATTY",1233578,2004 GENERAL,A,1,2004
1462,"ANTON, KENNETH R.",1260422,2004 GENERAL,A,1,2004
1463,"TYRONE, RAY",1260645,2004 GENERAL,A,1,2004
1464,"LA MALFA, DOUG",1239935,2004 GENERAL,A,2,2004
1465,"MC IVER, BARBARA G.",1260448,2004 GENERAL,A,2,2004
1466,"KEENE, RICHARD J.",1239063,2004 GENERAL,A,3,2004
1467,"BURK, ROBERT C.",1260922,2004 GENERAL,A,3,2004
1468,"WOODS, ROBERT A.",1260446,2004 GENERAL,A,3,2004
1469,"LESLIE, R. TIM",1002067,2004 GENERAL,A,4,2004
1470,"SCHWENK, TODD W.",1261337,2004 GENERAL,A,4,2004
1471,"NIELLO, ROGER",1251659,2004 GENERAL,A,5,2004
1472,"CAREY, SANDRA A.",1260403,2004 GENERAL,A,5,2004
1473,"MANFRE, MELISSA",1261338,2004 GENERAL,A,5,2004
1474,"NATION, JOE",1005654,2004 GENERAL,A,6,2004
1475,"PATRICK, CAROLYN F.",1260614,2004 GENERAL,A,6,2004
1476,"EVANS, NOREEN M.",1227859,2004 GENERAL,A,7,2004
1477,"KRUEGER, PATRICIA ""PAT""",1260409,2004 GENERAL,A,7,2004
1478,"SMITH, F. AARON",1261339,2004 GENERAL,A,7,2004
1479,"MUNN, JOHN R.",1005833,2004 GENERAL,A,8,2004
1480,"WOLK, LOIS",1235630,2004 GENERAL,A,8,2004
1481,"JONES, DAVE",1224542,2004 GENERAL,A,9,2004
1482,"GARCIA, GASPAR R.",1257375,2004 GENERAL,A,9,2004
1483,"MORGAN, GALE R.",1261340,2004 GENERAL,A,9,2004
1484,"NAKANISHI, ALAN S.",1005260,2004 GENERAL,A,10,2004
1485,"LANG, CULLENE",1260597,2004 GENERAL,A,10,2004
1486,"CANCIAMILLA, JOSEPH",1005727,2004 GENERAL,A,11,2004
1487,"MANSKE, FRANK J.",1220765,2004 GENERAL,A,11,2004
1488,"SANTIAGO, PAUL E.",1261008,2004 GENERAL,A,11,2004
1489,"YEE, LELAND Y.",1226856,2004 GENERAL,A,12,2004
1490,"EPSTEIN, HOWARD",1004958,2004 GENERAL,A,12,2004
1491,"MADEN, CHRISTOPHER R.",1241442,2004 GENERAL,A,12,2004
1492,"LENO, MARK",1226645,2004 GENERAL,A,13,2004
1493,"MARVIN, JONATHAN SCOTT",1261341,2004 GENERAL,A,13,2004
1494,"NEIRA, GAIL E.",1220767,2004 GENERAL,A,13,2004
1495,"HANCOCK, LONI",1238901,2004 GENERAL,A,14,2004
1496,"MONTAUK, LANCE",1261342,2004 GENERAL,A,14,2004
1497,"O'NEAL, KEVIN D.",1261009,2004 GENERAL,A,14,2004
1498,"HOUSTON, GUY",1226434,2004 GENERAL,A,15,2004
1499,"SHAW, ELAINE D.",1260782,2004 GENERAL,A,15,2004
1500,"CHAN, WILMA",1005709,2004 GENERAL,A,16,2004
1501,"UDINSKY, JERALD",1260632,2004 GENERAL,A,16,2004
1502,"MATTHEWS, BARBARA",1005671,2004 GENERAL,A,17,2004
1503,"MC GARRY, NELLIE",1260420,2004 GENERAL,A,17,2004
1504,"KLEHS, JOHAN",1001372,2004 GENERAL,A,18,2004
1505,"COLFER, RONALD J.",1260643,2004 GENERAL,A,18,2004
1506,"MULLIN, GENE R.",1239028,2004 GENERAL,A,19,2004
1507,"BRINKMAN, CATHERINE S.",1260444,2004 GENERAL,A,19,2004
1508,"GILSTER, MILES C.",1259664,2004 GENERAL,A,19,2004
1509,"TORRICO, ALBERTO",1253526,2004 GENERAL,A,20,2004
1510,"WILLIAMS, CLIFFORD R.",1260696,2004 GENERAL,A,20,2004
1511,"POIZNER, STEVE",1256885,2004 GENERAL,A,21,2004
1512,"RUSKIN, IRA",1252810,2004 GENERAL,A,21,2004
1513,"LIEBER, SALLY",1231723,2004 GENERAL,A,22,2004
1514,"DOMINGUEZ-GASSON, MARIE C.",1261005,2004 GENERAL,A,22,2004
1515,"COTO, JOE",1253525,2004 GENERAL,A,23,2004
1516,"BLOOMBERG III, WARNER S.",1239995,2004 GENERAL,A,23,2004
1517,"PATROSSO, MARK",1261344,2004 GENERAL,A,23,2004
1518,"COHN, REBECCA",1005705,2004 GENERAL,A,24,2004
1519,"KONNYU, ERNEST L.",1000902,2004 GENERAL,A,24,2004
1520,"COLLIER III, ZANDER Y.",1260615,2004 GENERAL,A,24,2004
1521,"COGDILL, DAVID E.",1005678,2004 GENERAL,A,25,2004
1522,"MARKS, BRYAN JUSTIN",1260649,2004 GENERAL,A,25,2004
1523,"AGHAZARIAN, GREG",1005692,2004 GENERAL,A,26,2004
1524,"WEINTZ, TIM P.",1220774,2004 GENERAL,A,26,2004
1525,"LAIRD, JOHN S.",1226901,2004 GENERAL,A,27,2004
1526,"BARLICH, JACK D.",1260616,2004 GENERAL,A,27,2004
1527,"PERKINS, ROBERT E.",1260596,2004 GENERAL,A,28,2004
1528,"SALINAS, SIMON",1005673,2004 GENERAL,A,28,2004
1529,"MACIAS, MICHAEL R.",1261012,2004 GENERAL,A,29,2004
1530,"VILLINES, MICHAEL N.",1255183,2004 GENERAL,A,29,2004
1531,"CROCKFORD, JOHN",1259656,2004 GENERAL,A,29,2004
1532,"GARDNER, M. DEAN",1237532,2004 GENERAL,A,30,2004
1533,"PARRA, NICOLE",1234191,2004 GENERAL,A,30,2004
1534,"ARAMBULA, JUAN",1250945,2004 GENERAL,A,31,2004
1535,"BETANCOURT, PAUL",1261345,2004 GENERAL,A,31,2004
1536,"MC CARTHY, KEVIN",1234228,2004 GENERAL,A,32,2004
1537,"ARMAS, ANTHONY M.",1260621,2004 GENERAL,A,32,2004
1538,"BLAKESLEE, SAM",1234847,2004 GENERAL,A,33,2004
1539,"JENKINS, STEWART D.",1260452,2004 GENERAL,A,33,2004
1540,"HUTCHINGS, THOMAS A.",1253991,2004 GENERAL,A,33,2004
1541,"KIRKLAND, GARY L.",1005117,2004 GENERAL,A,33,2004
1542,"MAZE, BILL",1005213,2004 GENERAL,A,34,2004
1543,"FLOREZ, MAGGIE",1260622,2004 GENERAL,A,34,2004
1544,"NAVA, PEDRO I.",1237583,2004 GENERAL,A,35,2004
1545,"POHL, BOB",1240644,2004 GENERAL,A,35,2004
1546,"RUNNER, SHARON",1238644,2004 GENERAL,A,36,2004
1547,"SCIONEAUX, HORTON",1260848,2004 GENERAL,A,36,2004
1548,"STRICKLAND, AUDRA",1251045,2004 GENERAL,A,37,2004
1549,"PRINCE, ADRIENNE M.",1259736,2004 GENERAL,A,37,2004
1550,"RICHMAN, KEITH STUART",1005656,2004 GENERAL,A,38,2004
1551,"DAVIS, BRIAN JOSEPH",1261346,2004 GENERAL,A,38,2004
1552,"MONTANEZ, CINDY",1238513,2004 GENERAL,A,39,2004
1553,"AYAO, ELY DE LA CRUZ",1240984,2004 GENERAL,A,39,2004
1554,"LEVINE, LLOYD",1233568,2004 GENERAL,A,40,2004
1555,"ISLER, MARK",1003300,2004 GENERAL,A,40,2004
1556,"BONHACH, HEATHER PETERS",1256380,2004 GENERAL,A,41,2004
1557,"PAVLEY, FRAN",1005757,2004 GENERAL,A,41,2004
1558,"KOFFLER, RICHARD P.",1261025,2004 GENERAL,A,41,2004
1559,"KORETZ, PAUL",1004239,2004 GENERAL,A,42,2004
1560,"FREDRIX, PAUL MORGAN",1261347,2004 GENERAL,A,42,2004
1561,"FROMMER, DARIO",1005786,2004 GENERAL,A,43,2004
1562,"WOREN, SANDOR J.",1241161,2004 GENERAL,A,43,2004
1563,"GABRIEL, LYNN",1261348,2004 GENERAL,A,44,2004
1564,"LIU, CAROL",1005704,2004 GENERAL,A,44,2004
1565,"GOLDBERG, JACKIE",1005703,2004 GENERAL,A,45,2004
1566,"GUTIERREZ, OSCAR A.",1260529,2004 GENERAL,A,45,2004
1567,"ALDANA JR., MANUEL",1239991,2004 GENERAL,A,46,2004
1568,"NUNEZ, FABIAN",1238937,2004 GENERAL,A,46,2004
1569,"BASS, KAREN",1259008,2004 GENERAL,A,47,2004
1570,"DE BAETS, PETER D.",1241490,2004 GENERAL,A,47,2004
1571,"EVERETT, DALE V.",1242216,2004 GENERAL,A,47,2004
1572,"RIDLEY-THOMAS, MARK",1240873,2004 GENERAL,A,48,2004
1573,"ALEXANDER, SEBASTIAN",1261349,2004 GENERAL,A,48,2004
1574,"CHU, JUDY",1004242,2004 GENERAL,A,49,2004
1575,"BROWN, LAURA G.",1260840,2004 GENERAL,A,49,2004
1576,"NEEDS, SANDRA L.",1260608,2004 GENERAL,A,49,2004
1577,"DE LA TORRE, HECTOR",1253966,2004 GENERAL,A,50,2004
1578,"MILLER, GLADYS O.",1240642,2004 GENERAL,A,50,2004
1579,"HORTON, JEROME E.",1220801,2004 GENERAL,A,51,2004
1580,"SHERMAN, DANIEL R.",1260839,2004 GENERAL,A,51,2004
1581,"DYMALLY, MERVYN M.",1238979,2004 GENERAL,A,52,2004
1582,"GORDON, MIKE",1252137,2004 GENERAL,A,53,2004
1583,"HILL, GREGORY CHARLES",1255064,2004 GENERAL,A,53,2004
1584,"BOIVIE, ETHAN M.",1261350,2004 GENERAL,A,53,2004
1585,"SMITH, JAMES R.",1261002,2004 GENERAL,A,53,2004
1586,"KARNETTE, BETTY",1003821,2004 GENERAL,A,54,2004
1587,"KUYKENDALL, STEVEN T.",1257367,2004 GENERAL,A,54,2004
1588,"STERNE, JOHN HOWARD",1261351,2004 GENERAL,A,54,2004
1589,"OROPEZA, JENNY",1005665,2004 GENERAL,A,55,2004
1590,"UNDERHILL, MARGHERITA",1243576,2004 GENERAL,A,55,2004
1591,"BERMUDEZ, RUDY",1005170,2004 GENERAL,A,56,2004
1592,"BRANTUK, JOHN W.",1240630,2004 GENERAL,A,56,2004
1593,"CHAVEZ, EDWARD ""ED""",1005674,2004 GENERAL,A,57,2004
1594,"VALENZUELA, VICTOR M.",1004675,2004 GENERAL,A,57,2004
1595,"CALDERON, RONALD",1235391,2004 GENERAL,A,58,2004
1596,"TOPALIAN, RITA H.",1259659,2004 GENERAL,A,58,2004
1597,"HARDEN, DANIEL V.",1253907,2004 GENERAL,A,59,2004
1598,"MOUNTJOY, DENNIS",1220842,2004 GENERAL,A,59,2004
1599,"WARD, FRITZ R.",1220747,2004 GENERAL,A,59,2004
1600,"HUFF, ROBERT 'BOB'",1005380,2004 GENERAL,A,60,2004
1601,"MARTINEZ, PATRICK JOHN",1261024,2004 GENERAL,A,60,2004
1602,"MC LEOD, GLORIA NEGRETE",1005234,2004 GENERAL,A,61,2004
1603,"WAPNER, ALAN D.",1260456,2004 GENERAL,A,61,2004
1604,"BACA JR., JOE",1251583,2004 GENERAL,A,62,2004
1605,"MENDOZA-WARE, MARGE",1253675,2004 GENERAL,A,62,2004
1606,"EMMERSON, BILL",1261353,2004 GENERAL,A,63,2004
1607,"KEEDY, MAUREEN K.",1260648,2004 GENERAL,A,63,2004
1608,"MC NAMEE, D'ANDRE",1260445,2004 GENERAL,A,63,2004
1609,"BENOIT, JOHN J.",1240093,2004 GENERAL,A,64,2004
1610,"MELSH, ROBERT J.",1240983,2004 GENERAL,A,64,2004
1611,"BOGH, RUSSELL V.",1005640,2004 GENERAL,A,65,2004
1612,"RAMIREZ-DEAN, RITA",1256160,2004 GENERAL,A,65,2004
1613,"HAYNES, RAYMOND N.",1003467,2004 GENERAL,A,66,2004
1614,"NICHOLSON, LAUREL A.",1253533,2004 GENERAL,A,66,2004
1615,"LEE, JACK N.",1260438,2004 GENERAL,A,66,2004
1616,"SILVA, DAVID P.",1259238,2004 GENERAL,A,67,2004
1617,"WESTWELL, NORM S.",1226979,2004 GENERAL,A,67,2004
1618,"TRAN, VAN",1228283,2004 GENERAL,A,68,2004
1620,"BADE, OTTO R.",1256415,2004 GENERAL,A,69,2004
1621,"UMBERG, THOMAS J.",1241318,2004 GENERAL,A,69,2004
1622,"REIS, GEORGE",1261355,2004 GENERAL,A,69,2004
1623,"DE VORE, CHARLES S.",1254089,2004 GENERAL,A,70,2004
1624,"BALDWIN, MARK",1261356,2004 GENERAL,A,70,2004
1625,"MARIZ, CARL L.",1243740,2004 GENERAL,A,70,2004
1626,"SPITZER, TODD",1230744,2004 GENERAL,A,71,2004
1627,"FOSTER, BEA",1004020,2004 GENERAL,A,71,2004
1628,"DAUCHER, LYNN",1005667,2004 GENERAL,A,72,2004
1629,"CROSS, BRIAN LEE",1220844,2004 GENERAL,A,72,2004
1630,"JOHNSON, ROSS W.",1261980,2004 GENERAL,A,72,2004
1631,"WALTERS, MIMI",1251751,2004 GENERAL,A,73,2004
1632,"CALZADA, KATHLEEN",1241094,2004 GENERAL,A,73,2004
1633,"FAVOR, ANDREW H.",1260783,2004 GENERAL,A,73,2004
1634,"WYLAND, MARK B.",1005714,2004 GENERAL,A,74,2004
1635,"KING, PAUL H.",1004050,2004 GENERAL,A,74,2004
1636,"UNDERWOOD, KAREN",1260625,2004 GENERAL,A,74,2004
1637,"HEUMANN, KAREN A",1254760,2004 GENERAL,A,75,2004
1638,"PLESCIA, GEORGE A.",1240145,2004 GENERAL,A,75,2004
1639,"SENECAL, RICHARD J.",1241037,2004 GENERAL,A,75,2004
1640,"HUNTER, TRICIA RAE",1003099,2004 GENERAL,A,76,2004
1641,"SALDANA, LORI",1252223,2004 GENERAL,A,76,2004
1642,"OSBORNE, JENNIFER",1261022,2004 GENERAL,A,76,2004
1643,"LA SUER, JAY",1005766,2004 GENERAL,A,77,2004
1644,"HALL, VIRGIL R.",1241123,2004 GENERAL,A,77,2004
1645,"LARKIN, CHRISTOPHER",1259469,2004 GENERAL,A,77,2004
1646,"DAVIS, PATRICIA S.",1254541,2004 GENERAL,A,78,2004
1647,"HORTON, SHIRLEY",1240526,2004 GENERAL,A,78,2004
1648,"HALE, JOSH",1261026,2004 GENERAL,A,78,2004
1649,"VARGAS, JUAN C.",1005741,2004 GENERAL,A,79,2004
1650,"CONROE, ELI W.",1261018,2004 GENERAL,A,79,2004
1651,"ANDREAS, MARY ANN",1255182,2004 GENERAL,A,80,2004
1652,"GARCIA, BONNIE",1240067,2004 GENERAL,A,80,2004
1708,"CHESBRO, WESLEY",1005209,2002 GENERAL,S,2,2002
1709,"LIKOVER, LAURA J.",1240066,2002 GENERAL,S,2,2002
1710,"REDFEARN, PEGGY",1233953,2002 GENERAL,S,2,2002
1711,"AANESTAD, SAMUEL M.",1003707,2002 GENERAL,S,4,2002
1712,"SMITH, MARIANNE BOPP",1241149,2002 GENERAL,S,4,2002
1713,"UNDERWOOD, ROBERT H.",1240538,2002 GENERAL,S,4,2002
1714,"ORTIZ, DEBORAH V.",1004844,2002 GENERAL,S,6,2002
1715,"SEWELL, JASON A",1241488,2002 GENERAL,S,6,2002
1716,"SPEIER, JACQUELINE",1005471,2002 GENERAL,S,8,2002
1717,"FLIEGLER, ROBERT",1240882,2002 GENERAL,S,8,2002
1718,"ZELL, DENNIS S.",1240064,2002 GENERAL,S,8,2002
1719,"FIGUEROA, LIZ",1004964,2002 GENERAL,S,10,2002
1720,"DARNELL, ERVAN E.",1240146,2002 GENERAL,S,10,2002
1721,"GUNTHER, JAMES G",1241489,2002 GENERAL,S,10,2002
1722,"AREIAS, RUSTY",1240721,2002 GENERAL,S,12,2002
1723,"DENHAM, JEFF",1005706,2002 GENERAL,S,12,2002
1724,"EATON, DAVID",098207,2002 GENERAL,S,12,2002
1725,"POOCHIGIAN, CHUCK",1004258,2002 GENERAL,S,14,2002
1726,"FLOREZ, DEAN",1005244,2002 GENERAL,S,16,2002
1727,"KNOX, BLAIR B.",1240656,2002 GENERAL,S,16,2002
1728,"ASHBURN, ROY",1004828,2002 GENERAL,S,18,2002
1729,"ALARCON, RICHARD",1256876,2002 GENERAL,S,20,2002
1730,"CEDILLO, GILBERT",1005224,2002 GENERAL,S,22,2002
1731,"ROMERO, GLORIA",1005525,2002 GENERAL,S,24,2002
1732,"HOUSE, VINCENT F.",1232821,2002 GENERAL,S,24,2002
1733,"SWINNEY, CARL M. ""MARTY""",1001090,2002 GENERAL,S,24,2002
1734,"MURRAY, KEVIN",1004318,2002 GENERAL,S,26,2002
1735,"BOWEN, DEBRA",1003952,2002 GENERAL,S,28,2002
1736,"DE BAETS, PETER D.",1241490,2002 GENERAL,S,28,2002
1737,"HILL, JO ANN",1241125,2002 GENERAL,S,28,2002
1738,"ESCUTIA, MARTHA M.",1003835,2002 GENERAL,S,30,2002
1739,"ROBERTSON, JOHN O.",098114,2002 GENERAL,S,30,2002
1740,"SOTO, NELL",1005200,2002 GENERAL,S,32,2002
1741,"ROBERTSON, KENNETH E.",1240144,2002 GENERAL,S,32,2002
1742,"DUNN, JOSEPH",1005289,2002 GENERAL,S,34,2002
1743,"GONZALEZ, ARACELI",1004556,2002 GENERAL,S,34,2002
1744,"HOLLINGSWORTH, DENNIS",1005700,2002 GENERAL,S,36,2002
1745,"METTI, MICHAEL S.",098361,2002 GENERAL,S,36,2002
1746,"WESTALL, ADRIENNE DENISE",1241319,2002 GENERAL,S,36,2002
1747,"MORROW, BILL",1005555,2002 GENERAL,S,38,2002
1748,"GROSSMITH, LARS R.",1241122,2002 GENERAL,S,38,2002
1749,"HANNEMAN, PHILIP G.",1240884,2002 GENERAL,S,38,2002
1750,"DUCHENY, DENISE MORENO",1004297,2002 GENERAL,S,40,2002
1751,"GIORGINO, MICHAEL S.",1240062,2002 GENERAL,S,40,2002
1752,"MIRANDA, FELIX JEREMIAH",1241144,2002 GENERAL,S,40,2002
1753,"BERG, PATTY",1233578,2002 GENERAL,A,1,2002
1754,"BROWN, ROBERT K. ""ROB""",1239927,2002 GENERAL,A,1,2002
1755,"THRON, DOUG RILEY",1240107,2002 GENERAL,A,1,2002
1756,"LA MALFA, DOUG",1239935,2002 GENERAL,A,2,2002
1757,"BRET, PETE ANTHONY",1005377,2002 GENERAL,A,2,2002
1758,"KINYON, DOUGLAS J",1241313,2002 GENERAL,A,2,2002
1759,"KEENE, RICHARD J.",1239063,2002 GENERAL,A,3,2002
1760,"KING, STUART R.",1239175,2002 GENERAL,A,3,2002
1761,"PETERSEN, JON",090369,2002 GENERAL,A,3,2002
1762,"LESLIE, R. TIM",1002067,2002 GENERAL,A,4,2002
1763,"WARREN, DUNCAN SCOTT",1240742,2002 GENERAL,A,4,2002
1764,"COX, DAVE",1004452,2002 GENERAL,A,5,2002
1765,"LEIBMAN, ROBERTO",1240184,2002 GENERAL,A,5,2002
1766,"ULIS, ERIC J.",1239111,2002 GENERAL,A,5,2002
1767,"NATION, JOE",1005654,2002 GENERAL,A,6,2002
1768,"HITT, KENNETH A.",1240142,2002 GENERAL,A,6,2002
1769,"OLMSTEAD, RICHARD",1220759,2002 GENERAL,A,6,2002
1770,"WIGGINS, PATRICIA ANN",1005196,2002 GENERAL,A,7,2002
1771,"KOZLOWSKI, DAVID J.",1240883,2002 GENERAL,A,7,2002
1772,"MUNN, JOHN R.",1005833,2002 GENERAL,A,8,2002
1773,"WOLK, LOIS",1235630,2002 GENERAL,A,8,2002
1774,"STEINBERG, DARRELL",1005223,2002 GENERAL,A,9,2002
1775,"PEGOS, DAVID A.",1240827,2002 GENERAL,A,9,2002
1776,"POSTON, DOUGLAS",1241441,2002 GENERAL,A,9,2002
1777,"MAESTAS, KATHERINE E.",1239998,2002 GENERAL,A,10,2002
1778,"NAKANISHI, ALAN S.",1005260,2002 GENERAL,A,10,2002
1779,"CANCIAMILLA, JOSEPH",1005727,2002 GENERAL,A,11,2002
1780,"DENNY, JAN LESLIE",1240094,2002 GENERAL,A,11,2002
1781,"MANSKE, FRANK J.",1220765,2002 GENERAL,A,11,2002
1782,"YEE, LELAND Y.",1226856,2002 GENERAL,A,12,2002
1783,"DENNY, MICHAEL F.",1241040,2002 GENERAL,A,12,2002
1784,"EPSTEIN, HOWARD",1004958,2002 GENERAL,A,12,2002
1785,"LENO, MARK",1226645,2002 GENERAL,A,13,2002
1786,"MADEN, CHRISTOPHER R.",1241442,2002 GENERAL,A,13,2002
1787,"NEIRA, GAIL E.",1220767,2002 GENERAL,A,13,2002
1788,"HANCOCK, LONI",1238901,2002 GENERAL,A,14,2002
1789,"GERBER, DONNA C.",1233414,2002 GENERAL,A,15,2002
1790,"HOUSTON, GUY",1226434,2002 GENERAL,A,15,2002
1791,"CHAN, WILMA",1005709,2002 GENERAL,A,16,2002
1792,"ARMSTRONG, RICHARD E.",1220772,2002 GENERAL,A,16,2002
1793,"NUGENT, GEORGE J.",1240097,2002 GENERAL,A,16,2002
1794,"MATTHEWS, BARBARA",1005671,2002 GENERAL,A,17,2002
1795,"MC CABE, BRIAN L.",1239992,2002 GENERAL,A,17,2002
1796,"CORBETT, ELLEN",1005551,2002 GENERAL,A,18,2002
1797,"HOVINGH, JACK",1241444,2002 GENERAL,A,18,2002
1798,"MULLIN, GENE R.",1239028,2002 GENERAL,A,19,2002
1799,"CHAMBERLAIN, JO",1239258,2002 GENERAL,A,19,2002
1800,"GIEDT, ROBERT W.",1240065,2002 GENERAL,A,19,2002
1801,"KAWAS, DAVID",1240315,2002 GENERAL,A,19,2002
1802,"DOW, DANIEL L.",1240242,2002 GENERAL,A,20,2002
1803,"DUTRA, JOHN A.",1005277,2002 GENERAL,A,20,2002
1804,"LYON, KEITH A.",1240709,2002 GENERAL,A,20,2002
1805,"RUSSELL, JAMES A.",1239925,2002 GENERAL,A,21,2002
1806,"SIMITIAN, S. JOSEPH",1004819,2002 GENERAL,A,21,2002
1808,"LIEBER, SALLY",1231723,2002 GENERAL,A,22,2002
1809,"KAWCZYNSKI, STAN",098113,2002 GENERAL,A,22,2002
1810,"WATSON, KENNITA L.",1002560,2002 GENERAL,A,22,2002
1811,"DIAZ, MANNY",1220783,2002 GENERAL,A,23,2002
1812,"BLOOMBERG III, WARNER S.",1239995,2002 GENERAL,A,23,2002
1813,"COHN, REBECCA",1005705,2002 GENERAL,A,24,2002
1814,"COGDILL, DAVID E.",1005678,2002 GENERAL,A,25,2002
1815,"SMITH, E. DENISE",1240650,2002 GENERAL,A,25,2002
1816,"AGHAZARIAN, GREG",1005692,2002 GENERAL,A,26,2002
1817,"HALLINAN, THOMAS",1226825,2002 GENERAL,A,26,2002
1818,"LAIRD, JOHN S.",1226901,2002 GENERAL,A,27,2002
1819,"CARTER, CHARLES ""CHUCK""",1005863,2002 GENERAL,A,27,2002
1820,"SACHTJEN, GORDON D.",1220742,2002 GENERAL,A,27,2002
1821,"HOWARD, JANE",1239996,2002 GENERAL,A,28,2002
1822,"SALINAS, SIMON",1005673,2002 GENERAL,A,28,2002
1823,"SAMUELIAN, STEVEN N.",1238538,2002 GENERAL,A,29,2002
1825,"ZWICKEL, JONATHAN IRA",098224,2002 GENERAL,A,29,2002
1826,"GARDNER, M. DEAN",1237532,2002 GENERAL,A,30,2002
1827,"PARRA, NICOLE",1234191,2002 GENERAL,A,30,2002
1828,"REYES, SARAH",1005245,2002 GENERAL,A,31,2002
1829,"MC CARTHY, KEVIN",1234228,2002 GENERAL,A,32,2002
1830,"SHEA III, MICHAEL A.",1240292,2002 GENERAL,A,32,2002
1831,"MALDONADO, ABEL",1005389,2002 GENERAL,A,33,2002
1832,"HOULGATE, LAURENCE",1220665,2002 GENERAL,A,33,2002
1833,"MAZE, BILL",1005213,2002 GENERAL,A,34,2002
1834,"GURROLA, VIRGINIA",099177,2002 GENERAL,A,34,2002
1835,"JACKSON, HANNAH-BETH",1005197,2002 GENERAL,A,35,2002
1836,"POHL, BOB",1240644,2002 GENERAL,A,35,2002
1837,"SAVITCH, CARY BRUCE",1241265,2002 GENERAL,A,35,2002
1838,"THOMAS, CRAIG WARREN",1241264,2002 GENERAL,A,35,2002
1839,"DAVENPORT II, ROBERT",1234401,2002 GENERAL,A,36,2002
1840,"RUNNER, SHARON",1238644,2002 GENERAL,A,36,2002
1841,"STRICKLAND, TONY",1005462,2002 GENERAL,A,37,2002
1842,"THOMAS, BRUCE J.",1240645,2002 GENERAL,A,37,2002
1843,"RICHMAN, KEITH STUART",1005656,2002 GENERAL,A,38,2002
1844,"CALDERON, PAULA L.",1220803,2002 GENERAL,A,38,2002
1845,"LEMBKE, KARL",1241447,2002 GENERAL,A,38,2002
1846,"MONTANEZ, CINDY",1238513,2002 GENERAL,A,39,2002
1847,"AYAO, ELY DE LA CRUZ",1240984,2002 GENERAL,A,39,2002
1848,"LEVINE, LLOYD",1233568,2002 GENERAL,A,40,2002
1849,"FRIEDMAN, CONSTANCE J.",1240610,2002 GENERAL,A,40,2002
1850,"PAVLEY, FRAN",1005757,2002 GENERAL,A,41,2002
1851,"WISSOT, MICHAEL J.",1240708,2002 GENERAL,A,41,2002
1852,"KELLY, BRIAN ""MAX"" CHARLES",1241132,2002 GENERAL,A,41,2002
1853,"KORETZ, PAUL",1004239,2002 GENERAL,A,42,2002
1854,"BISSIRI, JEFFREY ALLEN",1241084,2002 GENERAL,A,42,2002
1855,"FROMMER, DARIO",1005786,2002 GENERAL,A,43,2002
1856,"GEYER, INGRID MARIE",1241118,2002 GENERAL,A,43,2002
1857,"WOREN, SANDOR J.",1241161,2002 GENERAL,A,43,2002
1858,"LIU, CAROL",1005704,2002 GENERAL,A,44,2002
1859,"O'CONNELL, DANIEL B.",1236523,2002 GENERAL,A,44,2002
1860,"NEW, BOB",1005119,2002 GENERAL,A,44,2002
1861,"GOLDBERG, JACKIE",1005703,2002 GENERAL,A,45,2002
1862,"COOK, JUDY CHAU PHUONG",1241077,2002 GENERAL,A,45,2002
1863,"ALDANA JR., MANUEL",1239991,2002 GENERAL,A,46,2002
1864,"NUNEZ, FABIAN",1238937,2002 GENERAL,A,46,2002
1865,"WESSON, JR., HERMAN J.",1005456,2002 GENERAL,A,47,2002
1866,"CLEMENS, KEITH",1241098,2002 GENERAL,A,47,2002
1867,"LEONARD, JONATHAN",092313,2002 GENERAL,A,47,2002
1868,"RIDLEY-THOMAS, MARK",1240873,2002 GENERAL,A,48,2002
1869,"HERDEGEN, NOLAYAN O.",1241449,2002 GENERAL,A,48,2002
1870,"ROBINSON, GERARD T.",1240726,2002 GENERAL,A,48,2002
1871,"CHU, JUDY",1004242,2002 GENERAL,A,49,2002
1872,"SHEN, GEORGE",1230198,2002 GENERAL,A,49,2002
1873,"FIREBAUGH, MARCO ANTONIO",1005587,2002 GENERAL,A,50,2002
1874,"MILLER, GLADYS O.",1240642,2002 GENERAL,A,50,2002
1875,"HORTON, JEROME E.",1220801,2002 GENERAL,A,51,2002
1876,"DYMALLY, MERVYN M.",1238979,2002 GENERAL,A,52,2002
1877,"ILES, MARK ANTHONY",1221100,2002 GENERAL,A,52,2002
1878,"NAKANO, GEORGE",1005226,2002 GENERAL,A,53,2002
1879,"WILSON, LINDA",1241001,2002 GENERAL,A,53,2002
1880,"CASTELLANOS, CESAR N.",1241076,2002 GENERAL,A,54,2002
1881,"LOWENTHAL, ALAN",1005392,2002 GENERAL,A,54,2002
1882,"OROPEZA, JENNY",1005665,2002 GENERAL,A,55,2002
1883,"WILSON, GUY",1005450,2002 GENERAL,A,55,2002
1884,"BERMUDEZ, RUDY",1005170,2002 GENERAL,A,56,2002
1885,"BRANKTUK SR., JOHN W.",1240247,2002 GENERAL,A,56,2002
1886,"CHAVEZ, EDWARD ""ED""",1005674,2002 GENERAL,A,57,2002
1887,"FAEGRE, LELAND THOMAS",098364,2002 GENERAL,A,57,2002
1888,"MOLL, ANNE M.",1240635,2002 GENERAL,A,57,2002
1889,"CALDERON, RONALD",1235391,2002 GENERAL,A,58,2002
1890,"BUTLER, DAVID O.",1241074,2002 GENERAL,A,58,2002
1891,"MOUNTJOY, DENNIS",1220842,2002 GENERAL,A,59,2002
1892,"SMITH, PATRICK D.",1239816,2002 GENERAL,A,59,2002
1893,"PACHECO, ROBERT ""BOB""",1005201,2002 GENERAL,A,60,2002
1894,"MARTINEZ, ADRIAN LINCOLN",1241142,2002 GENERAL,A,60,2002
1895,"MC LEOD, GLORIA NEGRETE",1005234,2002 GENERAL,A,61,2002
1896,"MUNSON, MATTHEW G.",1239584,2002 GENERAL,A,61,2002
1897,"LONGVILLE, JOHN",1003717,2002 GENERAL,A,62,2002
1898,"SCOTT, G. EDWARD",1240886,2002 GENERAL,A,62,2002
1899,"DUTTON, BOB",1233959,2002 GENERAL,A,63,2002
1900,"WALLACE, DORIS LOUISE",1235778,2002 GENERAL,A,63,2002
1901,"BENOIT, JOHN J.",1240093,2002 GENERAL,A,64,2002
1902,"MELSH, ROBERT J.",1240983,2002 GENERAL,A,64,2002
1903,"BOGH, RUSSELL V.",1005640,2002 GENERAL,A,65,2002
1904,"SCHOLES, DARREL R.",1241452,2002 GENERAL,A,65,2002
1905,"HAYNES, RAYMOND N.",1003467,2002 GENERAL,A,66,2002
1906,"BROSTROM, DAVID G.",1237209,2002 GENERAL,A,66,2002
1907,"ORTON, WILLIAM R. (BILL)",1240203,2002 GENERAL,A,67,2002
1908,"MADDOX, KENNETH",1005211,2002 GENERAL,A,68,2002
1909,"SCRIBNER, DOUGLAS JAMES",1241309,2002 GENERAL,A,68,2002
1911,"CORREA, LOU",1004849,2002 GENERAL,A,69,2002
1912,"ROSS, REUBEN A.",1238725,2002 GENERAL,A,69,2002
1913,"CAMPBELL, JOHN B.T.",1005647,2002 GENERAL,A,70,2002
1914,"KANE, JOHN P.",1240887,2002 GENERAL,A,70,2002
1915,"STUDIER, PAUL L.",1220753,2002 GENERAL,A,70,2002
1916,"SPITZER, TODD",1230744,2002 GENERAL,A,71,2002
1917,"FOSTER, BEA",1004020,2002 GENERAL,A,71,2002
1918,"DAUCHER, LYNN",1005667,2002 GENERAL,A,72,2002
1919,"CROSS, BRIAN LEE",1220844,2002 GENERAL,A,72,2002
1920,"NANJUNDAPPA, GANGADHARAPRA",099261,2002 GENERAL,A,72,2002
1921,"BATES, PATRICIA C. ""PAT""",1003846,2002 GENERAL,A,73,2002
1922,"CALZADA, KATHLEEN",1241094,2002 GENERAL,A,73,2002
1923,"VONDRUSKA, ROBERT ANTHONY",1220843,2002 GENERAL,A,73,2002
1924,"WYLAND, MARK B.",1005714,2002 GENERAL,A,74,2002
1925,"HERRERA, JOHN",099244,2002 GENERAL,A,74,2002
1926,"STONE, KRISTI",1239924,2002 GENERAL,A,74,2002
1927,"PLESCIA, GEORGE A.",1240145,2002 GENERAL,A,75,2002
1928,"SENECAL, RICHARD J.",1241037,2002 GENERAL,A,75,2002
1929,"WITT, CONNIE",1240636,2002 GENERAL,A,75,2002
1930,"KEHOE, CHRISTINE",1005669,2002 GENERAL,A,76,2002
1931,"BAKER, SARAH",1241079,2002 GENERAL,A,76,2002
1932,"DIVINE, BOB",1240265,2002 GENERAL,A,76,2002
1933,"LA SUER, JAY",1005766,2002 GENERAL,A,77,2002
1934,"HALL, VIRGIL R.",1241123,2002 GENERAL,A,77,2002
1935,"LOWERY, SARAH",1241141,2002 GENERAL,A,77,2002
1936,"HALL, VINCE HENRY",1233427,2002 GENERAL,A,78,2002
1937,"HORTON, SHIRLEY",1240526,2002 GENERAL,A,78,2002
1938,"MENANNO, MARK",1241143,2002 GENERAL,A,78,2002
1939,"VARGAS, JUAN C.",1005741,2002 GENERAL,A,79,2002
1940,"CASTRO, JOSHUA",1240948,2002 GENERAL,A,79,2002
1941,"FAST, MARK W.",1239609,2002 GENERAL,A,79,2002
1942,"ACUNA JR., JOEY V.",1005233,2002 GENERAL,A,80,2002
1943,"GARCIA, BONNIE",1240067,2002 GENERAL,A,80,2002
0,"EVANS, MERVIN",1236517,2012 GENERAL,A,62,2012
1,"PARK, DOO",,2010 GENERAL,S,8,2010
2,"WEBER, JR., ROBERT G.",1005011,2010 GENERAL,S,26,2010
3,"BELL, JR., RAYMOND M.",1240885,2010 GENERAL,A,21,2010
4,"MURPHY, JOHN",1305080,2008 GENERAL,A,75,2008
5,"JOHNSON, TIMOTHY",1230661,2004 GENERAL,S,35,2004
6,"MURPHY, JOHN",1305080,2004 GENERAL,S,39,2004
7,"SNOOK, AL",1005759,2004 GENERAL,A,68,2004
8,"BELL, JR., RAYMOND M.",1240885,2002 GENERAL,A,21,2002
9,"MARTINEZ JR., RICHARD",,2002 GENERAL,A,29,2002
10,"SNOOK, AL",99120,2002 GENERAL,A,68,2002
